FlightDateTime,Flight,Model,Variable,MEAN,MAX,MIN,MEDIAN,STD,SRC_WT_MEAN
2021-03-01 13:00:00-08:00,2021-03-01 12:30:19-08:00,Neutral,zeta,0.0,,,,,
2021-03-01 13:00:00-08:00,2021-03-01 12:30:19-08:00,Neutral,u_star,0.3179492514941907,,,,,
2021-03-01 13:00:00-08:00,2021-03-01 12:30:19-08:00,Neutral,Psi_M,0.0,,,,,
2021-03-01 13:00:00-08:00,2021-03-01 12:30:19-08:00,Neutral,Psi_H,0.0,,,,,
2021-03-01 13:00:00-08:00,2021-03-01 12:30:19-08:00,Neutral,r_aH,72.90365923952021,,,,,
2021-03-01 13:00:00-08:00,2021-03-01 12:30:19-08:00,Neutral,r_bH,6.879069376577402,11.107720597919709,1.0702620418943296,6.677005309822247,1.9757932113858667,4.245286403771555
2021-03-01 13:00:00-08:00,2021-03-01 12:30:19-08:00,Neutral,r_H,79.78272861609771,84.01137983743992,73.97392128141453,79.58066454934246,1.9757932113857462,52.71285518830508
2021-03-01 13:00:00-08:00,2021-03-01 12:30:19-08:00,Neutral,L,-15.3228316032305,,,,,
2021-03-01 13:00:00-08:00,2021-03-01 12:30:19-08:00,Neutral,H,160.614463974729,385.43676672290354,0.0,160.1831347796608,47.523973398700555,93.50931804255288
2021-03-01 13:00:00-08:00,2021-03-01 12:30:19-08:00,Neutral,LE,303.7090590063095,569.1693725585938,0.0,304.3125703862022,72.21137993795786,223.16100698449225
2021-03-01 13:00:00-08:00,2021-03-01 12:30:19-08:00,Neutral,ET,0.44499420698881315,0.8339463907093061,0.0,0.44587847125403657,0.10580404106548168,0.32697528239296264
2021-03-01 13:00:00-08:00,2021-03-01 12:30:19-08:00,Neutral,EF,0.6477145861701642,1.0,0.0,0.6550683870309615,0.12169325691923215,0.4660878443971698
2021-03-01 13:00:00-08:00,2021-03-01 12:30:19-08:00,Dyer,zeta,-2.4058394990500496,,,,,
2021-03-01 13:00:00-08:00,2021-03-01 12:30:19-08:00,Dyer,u_star,0.40855194324723515,,,,,
2021-03-01 13:00:00-08:00,2021-03-01 12:30:19-08:00,Dyer,Psi_M,1.6040633116296625,,,,,
2021-03-01 13:00:00-08:00,2021-03-01 12:30:19-08:00,Dyer,Psi_H,2.585170298173736,,,,,
2021-03-01 13:00:00-08:00,2021-03-01 12:30:19-08:00,Dyer,r_aH,41.31143648390943,,,,,
2021-03-01 13:00:00-08:00,2021-03-01 12:30:19-08:00,Dyer,r_bH,6.105715965271576,9.858977033058727,0.9499418712752721,5.926368188580227,1.7536721167410312,3.768026102617204
2021-03-01 13:00:00-08:00,2021-03-01 12:30:19-08:00,Dyer,r_H,47.417152449181145,51.17041351696816,42.2613783551847,47.23780467248966,1.753672116740994,31.232558202349782
2021-03-01 13:00:00-08:00,2021-03-01 12:30:19-08:00,Dyer,L,-20.89992613171728,,,,,
2021-03-01 13:00:00-08:00,2021-03-01 12:30:19-08:00,Dyer,H,270.1050291186635,654.9821706727251,0.0,269.50442958725404,79.22308322409653,157.7860361570452
2021-03-01 13:00:00-08:00,2021-03-01 12:30:19-08:00,Dyer,LE,195.30162788766876,569.1693725585938,0.0,194.74230226351054,100.25941017993186,158.93935298761016
2021-03-01 13:00:00-08:00,2021-03-01 12:30:19-08:00,Dyer,ET,0.2861557482343421,0.8339463907093061,0.0,0.2853362248938587,0.1468999866937749,0.23287777971933069
2021-03-01 13:00:00-08:00,2021-03-01 12:30:19-08:00,Dyer,EF,0.41060728748296027,1.0,0.0,0.4193732421958725,0.19539177181764547,0.32976802710655945
2021-03-01 13:00:00-08:00,2021-03-01 12:30:19-08:00,Brutsaert,zeta,-2.7657048765503105,,,,,
2021-03-01 13:00:00-08:00,2021-03-01 12:30:19-08:00,Brutsaert,u_star,0.3809193856144705,,,,,
2021-03-01 13:00:00-08:00,2021-03-01 12:30:19-08:00,Brutsaert,Psi_M,1.196403786319978,,,,,
2021-03-01 13:00:00-08:00,2021-03-01 12:30:19-08:00,Brutsaert,Psi_H,2.467831021050117,,,,,
2021-03-01 13:00:00-08:00,2021-03-01 12:30:19-08:00,Brutsaert,r_aH,45.081618017267374,,,,,
2021-03-01 13:00:00-08:00,2021-03-01 12:30:19-08:00,Brutsaert,r_bH,6.316812046692535,10.199836553929929,0.9827847037529865,6.131263586398095,1.8143027314052198,3.8983000212663286
2021-03-01 13:00:00-08:00,2021-03-01 12:30:19-08:00,Brutsaert,r_H,51.398430063960156,55.2814545711973,46.06440272102036,51.212881603665465,1.814302731405373,33.86931169560917
2021-03-01 13:00:00-08:00,2021-03-01 12:30:19-08:00,Brutsaert,L,-18.18177563525354,,,,,
2021-03-01 13:00:00-08:00,2021-03-01 12:30:19-08:00,Brutsaert,H,249.1963940051752,603.1224118002173,0.0,248.63327772421502,73.17149732042316,145.5046334362569
2021-03-01 13:00:00-08:00,2021-03-01 12:30:19-08:00,Brutsaert,LE,215.50811457796726,569.1693725585938,0.0,215.6546964155923,95.85893084964185,171.1810230192997
2021-03-01 13:00:00-08:00,2021-03-01 12:30:19-08:00,Brutsaert,ET,0.31576227215627223,0.8339463907093061,0.0,0.31597704371694746,0.14045240881573667,0.2508142623049792
2021-03-01 13:00:00-08:00,2021-03-01 12:30:19-08:00,Brutsaert,EF,0.45466808173081474,1.0,0.0,0.46440757796652277,0.1840085198976151,0.35574255346404743
2021-03-01 13:00:00-08:00,2021-03-01 12:30:19-08:00,Bowen,zeta,,,,,,
2021-03-01 13:00:00-08:00,2021-03-01 12:30:19-08:00,Bowen,u_star,,,,,,
2021-03-01 13:00:00-08:00,2021-03-01 12:30:19-08:00,Bowen,Psi_M,,,,,,
2021-03-01 13:00:00-08:00,2021-03-01 12:30:19-08:00,Bowen,Psi_H,,,,,,
2021-03-01 13:00:00-08:00,2021-03-01 12:30:19-08:00,Bowen,r_aH,,,,,,
2021-03-01 13:00:00-08:00,2021-03-01 12:30:19-08:00,Bowen,r_bH,,,,,,
2021-03-01 13:00:00-08:00,2021-03-01 12:30:19-08:00,Bowen,r_H,85.78667449951172,350.74810791015625,-27.552734375,82.14830780029297,48.4234733581543,61.260633041479515
2021-03-01 13:00:00-08:00,2021-03-01 12:30:19-08:00,Bowen,L,,,,,,
2021-03-01 13:00:00-08:00,2021-03-01 12:30:19-08:00,Bowen,H,168.40338134765625,214.4907989501953,106.34564208984375,170.0829315185547,72.22347259521484,151.891772085756
2021-03-01 13:00:00-08:00,2021-03-01 12:30:19-08:00,Bowen,LE,278.4692077636719,354.6785888671875,175.85147094726562,281.2464599609375,102.19808197021484,251.1658299070665
2021-03-01 13:00:00-08:00,2021-03-01 12:30:19-08:00,Bowen,ET,0.40801283717155457,0.5196747183799744,0.25765740871429443,0.4120820164680481,0.19949103891849518,0.3680079053656817
2021-03-01 13:00:00-08:00,2021-03-01 12:30:19-08:00,Bowen,EF,0.6231417655944824,0.6231513023376465,0.6231511235237122,0.6231511831283569,0.19949103891849518,0.5435843926092754
2021-03-24 12:30:00-07:00,2021-03-24 11:58:32.200000-07:00,Neutral,zeta,0.0,,,,,
2021-03-24 12:30:00-07:00,2021-03-24 11:58:32.200000-07:00,Neutral,u_star,0.2710764784827602,,,,,
2021-03-24 12:30:00-07:00,2021-03-24 11:58:32.200000-07:00,Neutral,Psi_M,0.0,,,,,
2021-03-24 12:30:00-07:00,2021-03-24 11:58:32.200000-07:00,Neutral,Psi_H,0.0,,,,,
2021-03-24 12:30:00-07:00,2021-03-24 11:58:32.200000-07:00,Neutral,r_aH,87.14273980790004,,,,,
2021-03-24 12:30:00-07:00,2021-03-24 11:58:32.200000-07:00,Neutral,r_bH,5.8263386586995765,12.029783786017218,1.2033727755486945,5.339925727117097,2.1821220366972467,3.4092463594766715
2021-03-24 12:30:00-07:00,2021-03-24 11:58:32.200000-07:00,Neutral,r_H,92.96907846659981,99.17252359391726,88.34611258344874,92.48266553501713,2.1821220366972685,65.96339049967528
2021-03-24 12:30:00-07:00,2021-03-24 11:58:32.200000-07:00,Neutral,L,-10.170679000423918,,,,,
2021-03-24 12:30:00-07:00,2021-03-24 11:58:32.200000-07:00,Neutral,H,141.1264157779715,389.33870769537566,0.0,141.81323424503609,39.22378495952792,87.834031483526
2021-03-24 12:30:00-07:00,2021-03-24 11:58:32.200000-07:00,Neutral,LE,395.9632328145546,636.6572265625,0.0,396.2995141814793,70.60899356778266,312.306809199487
2021-03-24 12:30:00-07:00,2021-03-24 11:58:32.200000-07:00,Neutral,ET,0.5804757009122479,0.9333292063578975,0.0,0.5809686839621695,0.10351164359533782,0.4578367357017817
2021-03-24 12:30:00-07:00,2021-03-24 11:58:32.200000-07:00,Neutral,EF,0.7321709425927407,1.0,0.0,0.7358882343524493,0.08885117162501853,0.5587233778123012
2021-03-24 12:30:00-07:00,2021-03-24 11:58:32.200000-07:00,Dyer,zeta,-4.0302449005704375,,,,,
2021-03-24 12:30:00-07:00,2021-03-24 11:58:32.200000-07:00,Dyer,u_star,0.3661364767570286,,,,,
2021-03-24 12:30:00-07:00,2021-03-24 11:58:32.200000-07:00,Dyer,Psi_M,1.926642171596157,,,,,
2021-03-24 12:30:00-07:00,2021-03-24 11:58:32.200000-07:00,Dyer,Psi_H,3.0285424021633327,,,,,
2021-03-24 12:30:00-07:00,2021-03-24 11:58:32.200000-07:00,Dyer,r_aH,44.35652617358888,,,,,
2021-03-24 12:30:00-07:00,2021-03-24 11:58:32.200000-07:00,Dyer,r_bH,5.055761241818599,10.438753765538644,1.0442176115173982,4.633680104577775,1.8935198697352564,2.958347706465178
2021-03-24 12:30:00-07:00,2021-03-24 11:58:32.200000-07:00,Dyer,r_H,49.41228741540722,54.795279939127525,45.40074378510628,48.99020627816666,1.8935198697353444,34.79903274732762
2021-03-24 12:30:00-07:00,2021-03-24 11:58:32.200000-07:00,Dyer,L,-14.958727031180018,,,,,
2021-03-24 12:30:00-07:00,2021-03-24 11:58:32.200000-07:00,Dyer,H,265.1941087577631,727.1375517754955,0.0,266.7144176866113,72.24147772763195,166.43898107667886
2021-03-24 12:30:00-07:00,2021-03-24 11:58:32.200000-07:00,Dyer,LE,271.9597120945753,636.6572265625,0.0,270.16520748751816,101.62614343532142,233.70198220803226
2021-03-24 12:30:00-07:00,2021-03-24 11:58:32.200000-07:00,Dyer,ET,0.39868854331717124,0.9333292063578975,0.0,0.39605782856073246,0.14898228409436554,0.34260332951247435
2021-03-24 12:30:00-07:00,2021-03-24 11:58:32.200000-07:00,Dyer,EF,0.497306645392718,1.0,0.0,0.5026535642186534,0.16240958201839886,0.4164636128746121
2021-03-24 12:30:00-07:00,2021-03-24 11:58:32.200000-07:00,Brutsaert,zeta,-5.224732812102626,,,,,
2021-03-24 12:30:00-07:00,2021-03-24 11:58:32.200000-07:00,Brutsaert,u_star,0.3247260053627474,,,,,
2021-03-24 12:30:00-07:00,2021-03-24 11:58:32.200000-07:00,Brutsaert,Psi_M,1.2290642279107153,,,,,
2021-03-24 12:30:00-07:00,2021-03-24 11:58:32.200000-07:00,Brutsaert,Psi_H,3.0046563328142244,,,,,
2021-03-24 12:30:00-07:00,2021-03-24 11:58:32.200000-07:00,Brutsaert,r_aH,50.22962295013748,,,,,
2021-03-24 12:30:00-07:00,2021-03-24 11:58:32.200000-07:00,Brutsaert,r_bH,5.365451916472029,11.078179668298997,1.1081811653974645,4.917516197517692,2.009507436766138,3.1395613068022596
2021-03-24 12:30:00-07:00,2021-03-24 11:58:32.200000-07:00,Brutsaert,r_H,55.59507486660987,61.30780261843648,51.337804115534944,55.147139147655174,2.009507436766035,39.19616316551361
2021-03-24 12:30:00-07:00,2021-03-24 11:58:32.200000-07:00,Brutsaert,L,-11.540163824034206,,,,,
2021-03-24 12:30:00-07:00,2021-03-24 11:58:32.200000-07:00,Brutsaert,H,235.73882233321308,646.9707688698478,0.0,237.070479783588,64.39674831693036,147.77235617770785
2021-03-24 12:30:00-07:00,2021-03-24 11:58:32.200000-07:00,Brutsaert,LE,301.3556838448714,636.6572265625,0.0,300.0245504517792,94.27518132681575,252.36848450530528
2021-03-24 12:30:00-07:00,2021-03-24 11:58:32.200000-07:00,Brutsaert,ET,0.4417825628918132,0.9333292063578975,0.0,0.43983114284740565,0.1382058924267007,0.3699681202471341
2021-03-24 12:30:00-07:00,2021-03-24 11:58:32.200000-07:00,Brutsaert,EF,0.5529656632290318,1.0,0.0,0.5580122577232809,0.14526869753686744,0.4502458618186992
2021-03-24 12:30:00-07:00,2021-03-24 11:58:32.200000-07:00,Bowen,zeta,,,,,,
2021-03-24 12:30:00-07:00,2021-03-24 11:58:32.200000-07:00,Bowen,u_star,,,,,,
2021-03-24 12:30:00-07:00,2021-03-24 11:58:32.200000-07:00,Bowen,Psi_M,,,,,,
2021-03-24 12:30:00-07:00,2021-03-24 11:58:32.200000-07:00,Bowen,Psi_H,,,,,,
2021-03-24 12:30:00-07:00,2021-03-24 11:58:32.200000-07:00,Bowen,r_aH,,,,,,
2021-03-24 12:30:00-07:00,2021-03-24 11:58:32.200000-07:00,Bowen,r_bH,,,,,,
2021-03-24 12:30:00-07:00,2021-03-24 11:58:32.200000-07:00,Bowen,r_H,65.96082305908203,323.08404541015625,-19.12371826171875,63.76663589477539,38.39806365966797,40.438794110606096
2021-03-24 12:30:00-07:00,2021-03-24 11:58:32.200000-07:00,Bowen,L,,,,,,
2021-03-24 12:30:00-07:00,2021-03-24 11:58:32.200000-07:00,Bowen,H,212.89947509765625,256.589599609375,128.29701232910156,215.548095703125,102.99681854248047,169.7585312912681
2021-03-24 12:30:00-07:00,2021-03-24 11:58:32.200000-07:00,Bowen,LE,315.35260009765625,380.067626953125,190.03709411621094,319.27581787109375,119.01575469970703,251.45105600927022
2021-03-24 12:30:00-07:00,2021-03-24 11:58:32.200000-07:00,Bowen,ET,0.46230342984199524,0.557172954082489,0.2785913050174713,0.4680531620979309,0.16390018165111542,0.36862318242516356
2021-03-24 12:30:00-07:00,2021-03-24 11:58:32.200000-07:00,Bowen,EF,0.5969762802124023,0.5969737768173218,0.5969736576080322,0.596973717212677,0.23178985714912415,0.45572656392317124
2022-01-18 10:30:00-08:00,2022-01-18 10:09:30.400000-08:00,Neutral,zeta,0.0,,,,,
2022-01-18 10:30:00-08:00,2022-01-18 10:09:30.400000-08:00,Neutral,u_star,0.2295715218467367,,,,,
2022-01-18 10:30:00-08:00,2022-01-18 10:09:30.400000-08:00,Neutral,Psi_M,0.0,,,,,
2022-01-18 10:30:00-08:00,2022-01-18 10:09:30.400000-08:00,Neutral,Psi_H,0.0,,,,,
2022-01-18 10:30:00-08:00,2022-01-18 10:09:30.400000-08:00,Neutral,r_aH,102.89781102599841,,,,,
2022-01-18 10:30:00-08:00,2022-01-18 10:09:30.400000-08:00,Neutral,r_bH,9.065025104316637,13.072084663637936,1.7703175510798193,8.88252314297069,1.838649112312622,6.362343944971729
2022-01-18 10:30:00-08:00,2022-01-18 10:09:30.400000-08:00,Neutral,r_H,111.962836130315,115.96989568963635,104.66812857707822,111.78033416896909,1.8386491123124218,77.69071915238506
2022-01-18 10:30:00-08:00,2022-01-18 10:09:30.400000-08:00,Neutral,L,-12.290431712670097,,,,,
2022-01-18 10:30:00-08:00,2022-01-18 10:09:30.400000-08:00,Neutral,H,63.67176998479827,186.59978421227606,9.088105877377838,63.180291810675826,11.116612033989188,43.02814606706728
2022-01-18 10:30:00-08:00,2022-01-18 10:09:30.400000-08:00,Neutral,LE,313.1114953757935,398.5192657716797,113.20448010190964,313.47591911878703,18.08299939702066,218.71191098938425
2022-01-18 10:30:00-08:00,2022-01-18 10:09:30.400000-08:00,Neutral,ET,0.4569980700269365,0.5816539412186963,0.16522622033689513,0.4575299602630982,0.026392821556481268,0.3192183062269618
2022-01-18 10:30:00-08:00,2022-01-18 10:09:30.400000-08:00,Neutral,EF,0.8304345991892929,0.9775089884359796,0.38146893398131476,0.8322639807312262,0.03249067569908083,0.5791243719476509
2022-01-18 10:30:00-08:00,2022-01-18 10:09:30.400000-08:00,Dyer,zeta,-3.2732226963432143,,,,,
2022-01-18 10:30:00-08:00,2022-01-18 10:09:30.400000-08:00,Dyer,u_star,0.30280955196722503,,,,,
2022-01-18 10:30:00-08:00,2022-01-18 10:09:30.400000-08:00,Dyer,Psi_M,1.7936305033182607,,,,,
2022-01-18 10:30:00-08:00,2022-01-18 10:09:30.400000-08:00,Dyer,Psi_H,2.847561849875563,,,,,
2022-01-18 10:30:00-08:00,2022-01-18 10:09:30.400000-08:00,Dyer,r_aH,55.08776643754334,,,,,
2022-01-18 10:30:00-08:00,2022-01-18 10:09:30.400000-08:00,Dyer,r_bH,7.94769784307294,11.46085950012317,1.5521136257605483,7.787690515144542,1.6120228478060445,5.578140894972404
2022-01-18 10:30:00-08:00,2022-01-18 10:09:30.400000-08:00,Dyer,r_H,63.03546428061619,66.54862593766651,56.639880063303885,62.87545695268788,1.6120228478060108,43.76477319177268
2022-01-18 10:30:00-08:00,2022-01-18 10:09:30.400000-08:00,Dyer,L,-18.419722699893725,,,,,
2022-01-18 10:30:00-08:00,2022-01-18 10:09:30.400000-08:00,Dyer,H,113.08798267385657,332.86479486055595,16.09042083459073,112.13487317138961,19.624528887625157,76.39585856020426
2022-01-18 10:30:00-08:00,2022-01-18 10:09:30.400000-08:00,Dyer,LE,263.6952882804394,390.85955850384477,0.0,264.51141098967,26.263395124991696,185.34419849624732
2022-01-18 10:30:00-08:00,2022-01-18 10:09:30.400000-08:00,Dyer,ET,0.3848732467478572,0.5704743087552805,0.0,0.38606440870943054,0.03833241852098839,0.27051686780715656
2022-01-18 10:30:00-08:00,2022-01-18 10:09:30.400000-08:00,Dyer,EF,0.6988701400199635,0.9601713101723037,0.0,0.7023083867299638,0.057221055722682664,0.4906780522108637
2022-01-18 10:30:00-08:00,2022-01-18 10:09:30.400000-08:00,Brutsaert,zeta,-4.058963483220899,,,,,
2022-01-18 10:30:00-08:00,2022-01-18 10:09:30.400000-08:00,Brutsaert,u_star,0.27458440275304324,,,,,
2022-01-18 10:30:00-08:00,2022-01-18 10:09:30.400000-08:00,Brutsaert,Psi_M,1.217539145203691,,,,,
2022-01-18 10:30:00-08:00,2022-01-18 10:09:30.400000-08:00,Brutsaert,Psi_H,2.788295426951321,,,,,
2022-01-18 10:30:00-08:00,2022-01-18 10:09:30.400000-08:00,Brutsaert,r_aH,61.313066595133364,,,,,
2022-01-18 10:30:00-08:00,2022-01-18 10:09:30.400000-08:00,Brutsaert,r_bH,8.340135490328075,12.026768374184146,1.6287531547905836,8.172227396598625,1.691620545932618,5.853575685285764
2022-01-18 10:30:00-08:00,2022-01-18 10:09:30.400000-08:00,Brutsaert,r_H,69.6532020854614,73.33983496931751,62.94181974992395,69.485293991732,1.6916205459325926,48.35556261394656
2022-01-18 10:30:00-08:00,2022-01-18 10:09:30.400000-08:00,Brutsaert,L,-14.854711834870752,,,,,
2022-01-18 10:30:00-08:00,2022-01-18 10:09:30.400000-08:00,Brutsaert,H,102.34314520865415,301.05689797220754,14.570925200067542,101.49014671665469,17.77233591441488,69.14084826965785
2022-01-18 10:30:00-08:00,2022-01-18 10:09:30.400000-08:00,Brutsaert,LE,274.44012015193806,392.5259017265047,6.493076593119326,275.167362022905,24.465061024591165,192.59920878679372
2022-01-18 10:30:00-08:00,2022-01-18 10:09:30.400000-08:00,Brutsaert,ET,0.40055573525612653,0.5729063997133084,0.009476890869277289,0.4016171722725994,0.035707681884733604,0.2811058297257409
2022-01-18 10:30:00-08:00,2022-01-18 10:09:30.400000-08:00,Brutsaert,EF,0.7274767370579138,0.9639402476605222,0.021879938002510854,0.7305625502691754,0.05183935717282286,0.509908519907484
2022-01-18 10:30:00-08:00,2022-01-18 10:09:30.400000-08:00,Bowen,zeta,,,,,,
2022-01-18 10:30:00-08:00,2022-01-18 10:09:30.400000-08:00,Bowen,u_star,,,,,,
2022-01-18 10:30:00-08:00,2022-01-18 10:09:30.400000-08:00,Bowen,Psi_M,,,,,,
2022-01-18 10:30:00-08:00,2022-01-18 10:09:30.400000-08:00,Bowen,Psi_H,,,,,,
2022-01-18 10:30:00-08:00,2022-01-18 10:09:30.400000-08:00,Bowen,r_aH,,,,,,
2022-01-18 10:30:00-08:00,2022-01-18 10:09:30.400000-08:00,Bowen,r_bH,,,,,,
2022-01-18 10:30:00-08:00,2022-01-18 10:09:30.400000-08:00,Bowen,r_H,151.2633514404297,1046.072265625,19.40081214904785,149.4574737548828,69.6609878540039,128.84231145076308
2022-01-18 10:30:00-08:00,2022-01-18 10:09:30.400000-08:00,Bowen,L,,,,,,
2022-01-18 10:30:00-08:00,2022-01-18 10:09:30.400000-08:00,Bowen,H,48.14868927001953,52.888065338134766,27.20453453063965,48.501312255859375,23.779878616333008,42.966079395407554
2022-01-18 10:30:00-08:00,2022-01-18 10:09:30.400000-08:00,Bowen,LE,323.71282958984375,355.5756530761719,182.9008026123047,326.0827331542969,134.51930236816406,288.86839776890696
2022-01-18 10:30:00-08:00,2022-01-18 10:09:30.400000-08:00,Bowen,ET,0.4724704921245575,0.518976092338562,0.2669506371021271,0.4759300649166107,0.1910703182220459,0.4216143488187788
2022-01-18 10:30:00-08:00,2022-01-18 10:09:30.400000-08:00,Bowen,EF,0.8705200552940369,0.8705195784568787,0.8705194592475891,0.8705195188522339,0.37156060338020325,0.7727288657614818
2022-01-18 11:30:00-08:00,2022-01-18 11:11:35.200000-08:00,Neutral,zeta,0.0,,,,,
2022-01-18 11:30:00-08:00,2022-01-18 11:11:35.200000-08:00,Neutral,u_star,0.3753949050442694,,,,,
2022-01-18 11:30:00-08:00,2022-01-18 11:11:35.200000-08:00,Neutral,Psi_M,0.0,,,,,
2022-01-18 11:30:00-08:00,2022-01-18 11:11:35.200000-08:00,Neutral,Psi_H,0.0,,,,,
2022-01-18 11:30:00-08:00,2022-01-18 11:11:35.200000-08:00,Neutral,r_aH,62.92561247633346,,,,,
2022-01-18 11:30:00-08:00,2022-01-18 11:11:35.200000-08:00,Neutral,r_bH,5.771229967735759,10.222559884050284,1.302590638424769,5.498387955780213,1.4605093495809296,4.990910955753777
2022-01-18 11:30:00-08:00,2022-01-18 11:11:35.200000-08:00,Neutral,r_H,68.69684244406912,73.14817236038374,64.22820311475823,68.42400043211367,1.4605093495810093,57.76946349061463
2022-01-18 11:30:00-08:00,2022-01-18 11:11:35.200000-08:00,Neutral,L,-31.946415040174493,,,,,
2022-01-18 11:30:00-08:00,2022-01-18 11:11:35.200000-08:00,Neutral,H,126.28672399377422,333.330783376048,26.06645547182208,126.34274682184002,16.267141776953988,107.3297791623238
2022-01-18 11:30:00-08:00,2022-01-18 11:11:35.200000-08:00,Neutral,LE,260.04265217851577,393.41054266474833,0.0,259.9463720339812,22.937428089833357,215.98513326808808
2022-01-18 11:30:00-08:00,2022-01-18 11:11:35.200000-08:00,Neutral,ET,0.37980344863496207,0.5745929738128097,0.0,0.3796628273537115,0.03350109767898015,0.31545555231757916
2022-01-18 11:30:00-08:00,2022-01-18 11:11:35.200000-08:00,Neutral,EF,0.6723112612829332,0.9364500104935192,0.0,0.6728200644945542,0.04741874611606392,0.5599561580440168
2022-01-18 11:30:00-08:00,2022-01-18 11:11:35.200000-08:00,Dyer,zeta,-1.4813856967989976,,,,,
2022-01-18 11:30:00-08:00,2022-01-18 11:11:35.200000-08:00,Dyer,u_star,0.45718765004577283,,,,,
2022-01-18 11:30:00-08:00,2022-01-18 11:11:35.200000-08:00,Dyer,Psi_M,1.3244139160475585,,,,,
2022-01-18 11:30:00-08:00,2022-01-18 11:11:35.200000-08:00,Dyer,Psi_H,2.1872423342776055,,,,,
2022-01-18 11:30:00-08:00,2022-01-18 11:11:35.200000-08:00,Dyer,r_aH,40.00329864168876,,,,,
2022-01-18 11:30:00-08:00,2022-01-18 11:11:35.200000-08:00,Dyer,r_bH,5.2462032589757,9.292581872251986,1.1840899237457196,4.998182531971416,1.327642279439281,4.536872290259039
2022-01-18 11:30:00-08:00,2022-01-18 11:11:35.200000-08:00,Dyer,r_H,45.249501900664505,49.295880513940745,41.187388565434475,45.001481173660174,1.3276422794393097,38.089445174983375
2022-01-18 11:30:00-08:00,2022-01-18 11:11:35.200000-08:00,Dyer,L,-40.69144597534374,,,,,
2022-01-18 11:30:00-08:00,2022-01-18 11:11:35.200000-08:00,Dyer,H,191.73223031558257,497.2748889597746,39.031122874311826,191.76591126888823,24.470261595170246,162.80517944116613
2022-01-18 11:30:00-08:00,2022-01-18 11:11:35.200000-08:00,Dyer,LE,194.598336667547,378.75396397075286,0.0,194.38787877417099,30.66896334010825,160.50973298924578
2022-01-18 11:30:00-08:00,2022-01-18 11:11:35.200000-08:00,Dyer,ET,0.2842192184466112,0.5531864119025436,0.0,0.28391183566526024,0.04479333657400888,0.2344313504653185
2022-01-18 11:30:00-08:00,2022-01-18 11:11:35.200000-08:00,Dyer,EF,0.50256414476808,0.9041246079534155,0.0,0.5033414610881829,0.07094854969516261,0.41589669767181203
2022-01-18 11:30:00-08:00,2022-01-18 11:11:35.200000-08:00,Brutsaert,zeta,-1.5447082343274747,,,,,
2022-01-18 11:30:00-08:00,2022-01-18 11:11:35.200000-08:00,Brutsaert,u_star,0.4447772419888357,,,,,
2022-01-18 11:30:00-08:00,2022-01-18 11:11:35.200000-08:00,Brutsaert,Psi_M,1.1544281195452326,,,,,
2022-01-18 11:30:00-08:00,2022-01-18 11:11:35.200000-08:00,Brutsaert,Psi_H,2.005650787572223,,,,,
2022-01-18 11:30:00-08:00,2022-01-18 11:11:35.200000-08:00,Brutsaert,r_aH,42.12600152145259,,,,,
2022-01-18 11:30:00-08:00,2022-01-18 11:11:35.200000-08:00,Brutsaert,r_bH,5.3148202587288935,9.414122929004648,1.1995770663505074,5.063555578464821,1.3450069954942263,4.5962116923854275
2022-01-18 11:30:00-08:00,2022-01-18 11:11:35.200000-08:00,Brutsaert,r_H,47.44082178018148,51.540124450457235,43.32557858780309,47.18955709991741,1.3450069954943769,39.92919133115847
2022-01-18 11:30:00-08:00,2022-01-18 11:11:35.200000-08:00,Brutsaert,L,-39.02443777896233,,,,,
2022-01-18 11:30:00-08:00,2022-01-18 11:11:35.200000-08:00,Brutsaert,H,182.87403574537436,475.3151629217999,37.29082738121927,182.91327960035258,23.361630052262527,155.30078287744388
2022-01-18 11:30:00-08:00,2022-01-18 11:11:35.200000-08:00,Brutsaert,LE,203.45615837266882,380.74074571522283,0.0,203.2584315688901,29.619506919979965,168.01412955296797
2022-01-18 11:30:00-08:00,2022-01-18 11:11:35.200000-08:00,Brutsaert,ET,0.29715644702359556,0.5560881918679189,0.0,0.2968676585447315,0.04326056045357358,0.24539184356500215
2022-01-18 11:30:00-08:00,2022-01-18 11:11:35.200000-08:00,Brutsaert,EF,0.5255373597506195,0.9084494626619302,0.0,0.5262758142609468,0.06778493300485183,0.4353832213646848
2022-01-18 11:30:00-08:00,2022-01-18 11:11:35.200000-08:00,Bowen,zeta,,,,,,
2022-01-18 11:30:00-08:00,2022-01-18 11:11:35.200000-08:00,Bowen,u_star,,,,,,
2022-01-18 11:30:00-08:00,2022-01-18 11:11:35.200000-08:00,Bowen,Psi_M,,,,,,
2022-01-18 11:30:00-08:00,2022-01-18 11:11:35.200000-08:00,Bowen,Psi_H,,,,,,
2022-01-18 11:30:00-08:00,2022-01-18 11:11:35.200000-08:00,Bowen,r_aH,,,,,,
2022-01-18 11:30:00-08:00,2022-01-18 11:11:35.200000-08:00,Bowen,r_bH,,,,,,
2022-01-18 11:30:00-08:00,2022-01-18 11:11:35.200000-08:00,Bowen,r_H,170.44810485839844,990.9891357421875,32.532962799072266,169.3109893798828,81.23370361328125,150.97197906602966
2022-01-18 11:30:00-08:00,2022-01-18 11:11:35.200000-08:00,Bowen,L,,,,,,
2022-01-18 11:30:00-08:00,2022-01-18 11:11:35.200000-08:00,Bowen,H,51.393165588378906,56.319217681884766,30.037694931030273,51.68025588989258,23.547609329223633,44.968547883765105
2022-01-18 11:30:00-08:00,2022-01-18 11:11:35.200000-08:00,Bowen,LE,333.0985107421875,365.0267028808594,194.6859588623047,334.9598083496094,133.20538330078125,291.45861651284
2022-01-18 11:30:00-08:00,2022-01-18 11:11:35.200000-08:00,Bowen,ET,0.4865056574344635,0.5331371426582336,0.28434717655181885,0.4892231225967407,0.18396569788455963,0.42568779178673594
2022-01-18 11:30:00-08:00,2022-01-18 11:11:35.200000-08:00,Bowen,EF,0.8663354516029358,0.8663350343704224,0.8663349151611328,0.8663349747657776,0.36793139576911926,0.7581908637469236
2022-01-18 12:30:00-08:00,2022-01-18 12:10:14.700000-08:00,Neutral,zeta,0.0,,,,,
2022-01-18 12:30:00-08:00,2022-01-18 12:10:14.700000-08:00,Neutral,u_star,0.23754253668445388,,,,,
2022-01-18 12:30:00-08:00,2022-01-18 12:10:14.700000-08:00,Neutral,Psi_M,0.0,,,,,
2022-01-18 12:30:00-08:00,2022-01-18 12:10:14.700000-08:00,Neutral,Psi_H,0.0,,,,,
2022-01-18 12:30:00-08:00,2022-01-18 12:10:14.700000-08:00,Neutral,r_aH,99.44421604083556,,,,,
2022-01-18 12:30:00-08:00,2022-01-18 12:10:14.700000-08:00,Neutral,r_bH,7.54644529118272,12.850889142206265,1.6325024590964745,7.210540980595841,1.926895551690739,6.867424932541498
2022-01-18 12:30:00-08:00,2022-01-18 12:10:14.700000-08:00,Neutral,r_H,106.99066133201799,112.29510518304183,101.07671849993203,106.6547570214314,1.9268955516907695,94.24899850599522
2022-01-18 12:30:00-08:00,2022-01-18 12:10:14.700000-08:00,Neutral,L,-9.586148320225396,,,,,
2022-01-18 12:30:00-08:00,2022-01-18 12:10:14.700000-08:00,Neutral,H,101.29717200835059,305.4926497854967,21.04858320270754,102.02519573551288,12.570010500094396,85.91190936340575
2022-01-18 12:30:00-08:00,2022-01-18 12:10:14.700000-08:00,Neutral,LE,292.724896992624,411.0318730180853,0.0,291.6274873359933,20.981762535692752,261.32514764443397
2022-01-18 12:30:00-08:00,2022-01-18 12:10:14.700000-08:00,Neutral,ET,0.427784023012533,0.6006761639768706,0.0,0.4261802840664141,0.030662450921075578,0.3818968735566676
2022-01-18 12:30:00-08:00,2022-01-18 12:10:14.700000-08:00,Neutral,EF,0.7421634823034119,0.9503722277134091,0.0,0.7406294531292724,0.03672542473529659,0.6610322055296043
2022-01-18 12:30:00-08:00,2022-01-18 12:10:14.700000-08:00,Dyer,zeta,-4.224866438290789,,,,,
2022-01-18 12:30:00-08:00,2022-01-18 12:10:14.700000-08:00,Dyer,u_star,0.3226266233014422,,,,,
2022-01-18 12:30:00-08:00,2022-01-18 12:10:14.700000-08:00,Dyer,Psi_M,1.9573200835888453,,,,,
2022-01-18 12:30:00-08:00,2022-01-18 12:10:14.700000-08:00,Dyer,Psi_H,3.0699421771975963,,,,,
2022-01-18 12:30:00-08:00,2022-01-18 12:10:14.700000-08:00,Dyer,r_aH,50.02589994711148,,,,,
2022-01-18 12:30:00-08:00,2022-01-18 12:10:14.700000-08:00,Dyer,r_bH,6.532808939787999,11.124761425159942,1.413225200409538,6.242023199158653,1.6680754978554884,5.944994399555068
2022-01-18 12:30:00-08:00,2022-01-18 12:10:14.700000-08:00,Dyer,r_H,56.55870888689953,61.15066137227143,51.43912514752102,56.267923146270135,1.668075497855434,49.902722971840454
2022-01-18 12:30:00-08:00,2022-01-18 12:10:14.700000-08:00,Dyer,L,-14.268863457776789,,,,,
2022-01-18 12:30:00-08:00,2022-01-18 12:10:14.700000-08:00,Dyer,H,191.62377251029395,577.7729517416882,38.78560451699867,192.87564194582703,23.43941788289445,162.28396512584487
2022-01-18 12:30:00-08:00,2022-01-18 12:10:14.700000-08:00,Dyer,LE,202.40093576257806,391.17368429025333,0.0,200.43938746660697,30.95910668843158,184.95309188199496
2022-01-18 12:30:00-08:00,2022-01-18 12:10:14.700000-08:00,Dyer,ET,0.2957858639683756,0.571655687922358,0.0,0.2929192850404999,0.045243200507067136,0.27028783177223376
2022-01-18 12:30:00-08:00,2022-01-18 12:10:14.700000-08:00,Dyer,EF,0.5123729132298085,0.9070338979551612,0.0,0.5095433814049376,0.06779315216819258,0.467595642833443
2022-01-18 12:30:00-08:00,2022-01-18 12:10:14.700000-08:00,Brutsaert,zeta,-5.550614745084204,,,,,
2022-01-18 12:30:00-08:00,2022-01-18 12:10:14.700000-08:00,Brutsaert,u_star,0.2846452110510693,,,,,
2022-01-18 12:30:00-08:00,2022-01-18 12:10:14.700000-08:00,Brutsaert,Psi_M,1.2315750287585,,,,,
2022-01-18 12:30:00-08:00,2022-01-18 12:10:14.700000-08:00,Brutsaert,Psi_H,3.0570611986307146,,,,,
2022-01-18 12:30:00-08:00,2022-01-18 12:10:14.700000-08:00,Brutsaert,r_aH,56.85586458120148,,,,,
2022-01-18 12:30:00-08:00,2022-01-18 12:10:14.700000-08:00,Brutsaert,r_bH,6.951678373348374,11.838056817632026,1.503838112044456,6.642248086462221,1.7750288536574044,6.3261744493028775
2022-01-18 12:30:00-08:00,2022-01-18 12:10:14.700000-08:00,Brutsaert,r_H,63.80754295454994,68.69392139883351,58.359702693245936,63.498112667663705,1.7750288536575027,56.285388889129784
2022-01-18 12:30:00-08:00,2022-01-18 12:10:14.700000-08:00,Brutsaert,L,-10.862119797305981,,,,,
2022-01-18 12:30:00-08:00,2022-01-18 12:10:14.700000-08:00,Brutsaert,H,169.8514270558496,512.1507177739803,34.50973096117837,170.9804466014253,20.8097891934469,143.87632500040252
2022-01-18 12:30:00-08:00,2022-01-18 12:10:14.700000-08:00,Brutsaert,LE,224.1723183277005,395.8955512917386,0.0,222.37955354737286,28.49136064722518,203.3607320074372
2022-01-18 12:30:00-08:00,2022-01-18 12:10:14.700000-08:00,Brutsaert,ET,0.3276022544289653,0.5785561575536664,0.0,0.3249823333429124,0.04163687135596655,0.29718849662148
2022-01-18 12:30:00-08:00,2022-01-18 12:10:14.700000-08:00,Brutsaert,EF,0.5677605560975024,0.9174080145637994,0.0,0.5652404758536501,0.06028907525244258,0.514218803710248
2022-01-18 12:30:00-08:00,2022-01-18 12:10:14.700000-08:00,Bowen,zeta,,,,,,
2022-01-18 12:30:00-08:00,2022-01-18 12:10:14.700000-08:00,Bowen,u_star,,,,,,
2022-01-18 12:30:00-08:00,2022-01-18 12:10:14.700000-08:00,Bowen,Psi_M,,,,,,
2022-01-18 12:30:00-08:00,2022-01-18 12:10:14.700000-08:00,Bowen,Psi_H,,,,,,
2022-01-18 12:30:00-08:00,2022-01-18 12:10:14.700000-08:00,Bowen,r_aH,,,,,,
2022-01-18 12:30:00-08:00,2022-01-18 12:10:14.700000-08:00,Bowen,r_bH,,,,,,
2022-01-18 12:30:00-08:00,2022-01-18 12:10:14.700000-08:00,Bowen,r_H,457.135498046875,2753.481201171875,87.30620574951172,455.6634216308594,182.66258239746094,408.9098366300977
2022-01-18 12:30:00-08:00,2022-01-18 12:10:14.700000-08:00,Bowen,L,,,,,,
2022-01-18 12:30:00-08:00,2022-01-18 12:10:14.700000-08:00,Bowen,H,24.063119888305664,26.804506301879883,13.016572952270508,24.23633575439453,10.82959270477295,22.703254478841714
2022-01-18 12:30:00-08:00,2022-01-18 12:10:14.700000-08:00,Bowen,LE,366.8735046386719,408.6693420410156,198.45449829101562,369.5142822265625,136.1086883544922,346.1404708351856
2022-01-18 12:30:00-08:00,2022-01-18 12:10:14.700000-08:00,Bowen,ET,0.5361435413360596,0.5972236394882202,0.29001861810684204,0.5400029420852661,0.18758058547973633,0.5058448109088638
2022-01-18 12:30:00-08:00,2022-01-18 12:10:14.700000-08:00,Bowen,EF,0.9384459853172302,0.9384475350379944,0.9384474158287048,0.9384474754333496,0.37516117095947266,0.8797710367521668
2022-01-18 13:30:00-08:00,2022-01-18 13:08:50.800000-08:00,Neutral,zeta,0.0,,,,,
2022-01-18 13:30:00-08:00,2022-01-18 13:08:50.800000-08:00,Neutral,u_star,0.20936526682928963,,,,,
2022-01-18 13:30:00-08:00,2022-01-18 13:08:50.800000-08:00,Neutral,Psi_M,0.0,,,,,
2022-01-18 13:30:00-08:00,2022-01-18 13:08:50.800000-08:00,Neutral,Psi_H,0.0,,,,,
2022-01-18 13:30:00-08:00,2022-01-18 13:08:50.800000-08:00,Neutral,r_aH,112.82754357025114,,,,,
2022-01-18 13:30:00-08:00,2022-01-18 13:08:50.800000-08:00,Neutral,r_bH,8.37883484852099,13.688363889666427,1.7040507895189023,8.05834895934393,2.034187161506549,7.021558783252921
2022-01-18 13:30:00-08:00,2022-01-18 13:08:50.800000-08:00,Neutral,r_H,121.20637841877175,126.51590745991757,114.53159435977004,120.88589252959507,2.034187161506357,98.73697083238835
2022-01-18 13:30:00-08:00,2022-01-18 13:08:50.800000-08:00,Neutral,L,-7.816938911251239,,,,,
2022-01-18 13:30:00-08:00,2022-01-18 13:08:50.800000-08:00,Neutral,H,83.19263660733911,196.65690854163904,18.079927485569414,83.85266511914767,12.107695832229169,65.63379588993013
2022-01-18 13:30:00-08:00,2022-01-18 13:08:50.800000-08:00,Neutral,LE,269.7826137895552,369.3545107224041,76.36524722007971,268.7074778863047,20.681905245402678,222.0753391975099
2022-01-18 13:30:00-08:00,2022-01-18 13:08:50.800000-08:00,Neutral,ET,0.3944567505892433,0.5400436227839661,0.11165577667608403,0.3928847641336256,0.030239595593288194,0.32470260205198226
2022-01-18 13:30:00-08:00,2022-01-18 13:08:50.800000-08:00,Neutral,EF,0.7633731808641144,0.9522376323202716,0.27970348049968446,0.7619724815587292,0.03965622481040979,0.6272151686636555
2022-01-18 13:30:00-08:00,2022-01-18 13:08:50.800000-08:00,Dyer,zeta,-4.999232582160355,,,,,
2022-01-18 13:30:00-08:00,2022-01-18 13:08:50.800000-08:00,Dyer,u_star,0.2901836638307772,,,,,
2022-01-18 13:30:00-08:00,2022-01-18 13:08:50.800000-08:00,Dyer,Psi_M,2.068334726290147,,,,,
2022-01-18 13:30:00-08:00,2022-01-18 13:08:50.800000-08:00,Dyer,Psi_H,3.218739385205504,,,,,
2022-01-18 13:30:00-08:00,2022-01-18 13:08:50.800000-08:00,Dyer,r_aH,54.37122532792549,,,,,
2022-01-18 13:30:00-08:00,2022-01-18 13:08:50.800000-08:00,Dyer,r_bH,7.191319665810246,11.748339979502155,1.4625391448513718,6.916255588391358,1.7458859618256022,6.026407570446686
2022-01-18 13:30:00-08:00,2022-01-18 13:08:50.800000-08:00,Dyer,r_H,61.562544993735905,66.11956530742765,55.833764472776856,61.287480916316845,1.7458859618255709,50.223765562754295
2022-01-18 13:30:00-08:00,2022-01-18 13:08:50.800000-08:00,Dyer,L,-12.058093532536827,,,,,
2022-01-18 13:30:00-08:00,2022-01-18 13:08:50.800000-08:00,Dyer,H,163.75373917847415,384.3391075020588,34.895757767872986,164.87683826684372,23.33305867472912,129.05319006044604
2022-01-18 13:30:00-08:00,2022-01-18 13:08:50.800000-08:00,Dyer,LE,189.22185720026798,349.1629402056164,0.0,187.34777655960016,31.35315876893586,158.65594502699392
2022-01-18 13:30:00-08:00,2022-01-18 13:08:50.800000-08:00,Dyer,ET,0.27666660161392814,0.5105209593941061,0.0,0.27392645557754763,0.045842335630821775,0.23197532138164945
2022-01-18 13:30:00-08:00,2022-01-18 13:08:50.800000-08:00,Dyer,EF,0.5343441984182088,0.9072584396035891,0.0,0.5317248699145971,0.07611687848211517,0.44786008889349765
2022-01-18 13:30:00-08:00,2022-01-18 13:08:50.800000-08:00,Brutsaert,zeta,-6.8907695450744,,,,,
2022-01-18 13:30:00-08:00,2022-01-18 13:08:50.800000-08:00,Brutsaert,u_star,0.25112185251759916,,,,,
2022-01-18 13:30:00-08:00,2022-01-18 13:08:50.800000-08:00,Brutsaert,Psi_M,1.2398253307140508,,,,,
2022-01-18 13:30:00-08:00,2022-01-18 13:08:50.800000-08:00,Brutsaert,Psi_H,3.2459440880442263,,,,,
2022-01-18 13:30:00-08:00,2022-01-18 13:08:50.800000-08:00,Brutsaert,r_aH,62.62398172506528,,,,,
2022-01-18 13:30:00-08:00,2022-01-18 13:08:50.800000-08:00,Brutsaert,r_bH,7.729623782346117,12.627758510080945,1.5720170819831891,7.4339698643880086,1.8765737415271146,6.477512535021921
2022-01-18 13:30:00-08:00,2022-01-18 13:08:50.800000-08:00,Brutsaert,r_H,70.35360550741152,75.25174023514623,64.19599880704847,70.05795158945328,1.876573741526965,57.383382735906814
2022-01-18 13:30:00-08:00,2022-01-18 13:08:50.800000-08:00,Brutsaert,L,-8.749414317654013,,,,,
2022-01-18 13:30:00-08:00,2022-01-18 13:08:50.800000-08:00,Brutsaert,H,143.2944596492604,336.25393809832946,30.623128928180478,144.30320136953054,20.474182983919107,112.94756084253919
2022-01-18 13:30:00-08:00,2022-01-18 13:08:50.800000-08:00,Brutsaert,LE,209.68085543672484,354.2901661697673,0.0,207.97431933939737,28.597565487586966,174.7615742449008
2022-01-18 13:30:00-08:00,2022-01-18 13:08:50.800000-08:00,Brutsaert,ET,0.30658027859742454,0.5180176207428371,0.0,0.30408510415212014,0.04181330515907311,0.2555238150308598
2022-01-18 13:30:00-08:00,2022-01-18 13:08:50.800000-08:00,Brutsaert,EF,0.5925079407583133,0.9186839515089898,0.0,0.5901867734525004,0.06684130286864166,0.49340820078322994
2022-01-18 13:30:00-08:00,2022-01-18 13:08:50.800000-08:00,Bowen,zeta,,,,,,
2022-01-18 13:30:00-08:00,2022-01-18 13:08:50.800000-08:00,Bowen,u_star,,,,,,
2022-01-18 13:30:00-08:00,2022-01-18 13:08:50.800000-08:00,Bowen,Psi_M,,,,,,
2022-01-18 13:30:00-08:00,2022-01-18 13:08:50.800000-08:00,Bowen,Psi_H,,,,,,
2022-01-18 13:30:00-08:00,2022-01-18 13:08:50.800000-08:00,Bowen,r_aH,,,,,,
2022-01-18 13:30:00-08:00,2022-01-18 13:08:50.800000-08:00,Bowen,r_bH,,,,,,
2022-01-18 13:30:00-08:00,2022-01-18 13:08:50.800000-08:00,Bowen,r_H,233.3399200439453,974.4700317382812,46.7879524230957,232.12803649902344,87.5651626586914,195.69028301875008
2022-01-18 13:30:00-08:00,2022-01-18 13:08:50.800000-08:00,Bowen,L,,,,,,
2022-01-18 13:30:00-08:00,2022-01-18 13:08:50.800000-08:00,Bowen,H,44.16981887817383,49.2332878112793,27.788190841674805,44.468116760253906,17.037036895751953,39.147220573886294
2022-01-18 13:30:00-08:00,2022-01-18 13:08:50.800000-08:00,Bowen,LE,305.5895690917969,340.6214904785156,192.25315856933594,307.653564453125,99.66571044921875,270.8408412832772
2022-01-18 13:30:00-08:00,2022-01-18 13:08:50.800000-08:00,Bowen,ET,0.44681113958358765,0.49803224205970764,0.28109875321388245,0.4498289227485657,0.1882450133562088,0.39600401535442603
2022-01-18 13:30:00-08:00,2022-01-18 13:08:50.800000-08:00,Bowen,EF,0.8737138509750366,0.8737138509750366,0.8737137317657471,0.8737137913703918,0.37646886706352234,0.7689410656044156
2022-01-18 14:30:00-08:00,2022-01-18 14:20:53.100000-08:00,Neutral,zeta,0.0,,,,,
2022-01-18 14:30:00-08:00,2022-01-18 14:20:53.100000-08:00,Neutral,u_star,0.41154004342181505,,,,,
2022-01-18 14:30:00-08:00,2022-01-18 14:20:53.100000-08:00,Neutral,Psi_M,0.0,,,,,
2022-01-18 14:30:00-08:00,2022-01-18 14:20:53.100000-08:00,Neutral,Psi_H,0.0,,,,,
2022-01-18 14:30:00-08:00,2022-01-18 14:20:53.100000-08:00,Neutral,r_aH,57.399460913401164,,,,,
2022-01-18 14:30:00-08:00,2022-01-18 14:20:53.100000-08:00,Neutral,r_bH,6.984031679484839,9.763326730515606,1.5682942706351397,6.9050520868892,1.3634419720210864,4.411045453097772
2022-01-18 14:30:00-08:00,2022-01-18 14:20:53.100000-08:00,Neutral,r_H,64.38349259288604,67.16278764391677,58.96775518403631,64.30451300029037,1.3634419720210758,39.24799034832799
2022-01-18 14:30:00-08:00,2022-01-18 14:20:53.100000-08:00,Neutral,L,-47.88536781803882,,,,,
2022-01-18 14:30:00-08:00,2022-01-18 14:20:53.100000-08:00,Neutral,H,118.62303731292904,302.44311644220716,22.28239286771269,116.49849956916246,20.48009832445115,68.94578603902833
2022-01-18 14:30:00-08:00,2022-01-18 14:20:53.100000-08:00,Neutral,LE,119.96316402820752,239.21388398775605,0.0,122.63965659471796,26.533774359431273,76.41937359295267
2022-01-18 14:30:00-08:00,2022-01-18 14:20:53.100000-08:00,Neutral,ET,0.1752969512832399,0.3495528390516289,0.0,0.17920799340056157,0.03877264982899783,0.11166830516965708
2022-01-18 14:30:00-08:00,2022-01-18 14:20:53.100000-08:00,Neutral,EF,0.5002782940524377,0.9147888714299808,0.0,0.5128321613962725,0.0996543195109177,0.3184173752414202
2022-01-18 14:30:00-08:00,2022-01-18 14:20:53.100000-08:00,Dyer,zeta,-1.0387069037952965,,,,,
2022-01-18 14:30:00-08:00,2022-01-18 14:20:53.100000-08:00,Dyer,u_star,0.4861509440196759,,,,,
2022-01-18 14:30:00-08:00,2022-01-18 14:20:53.100000-08:00,Dyer,Psi_M,1.1355895315686344,,,,,
2022-01-18 14:30:00-08:00,2022-01-18 14:20:53.100000-08:00,Dyer,Psi_H,1.9100750643337852,,,,,
2022-01-18 14:30:00-08:00,2022-01-18 14:20:53.100000-08:00,Dyer,r_aH,39.00993596229866,,,,,
2022-01-18 14:30:00-08:00,2022-01-18 14:20:53.100000-08:00,Dyer,r_bH,6.440181593102416,9.003051529965157,1.4461704009706566,6.3673521814089575,1.2572700546686804,4.0675551081511845
2022-01-18 14:30:00-08:00,2022-01-18 14:20:53.100000-08:00,Dyer,r_H,45.45011755540108,48.01298749226382,40.45610636326932,45.37728814370762,1.2572700546686444,27.74350899098238
2022-01-18 14:30:00-08:00,2022-01-18 14:20:53.100000-08:00,Dyer,L,-58.03894008177104,,,,,
2022-01-18 14:30:00-08:00,2022-01-18 14:20:53.100000-08:00,Dyer,H,168.02026707180792,425.001011127395,31.40541015668684,165.02507678734753,28.758632848409395,97.54234358538999
2022-01-18 14:30:00-08:00,2022-01-18 14:20:53.100000-08:00,Dyer,LE,71.14816873228189,230.0908666987819,0.0,74.1177414114125,33.21307860065791,47.8761523257811
2022-01-18 14:30:00-08:00,2022-01-18 14:20:53.100000-08:00,Dyer,ET,0.10396572288825227,0.3362217708840253,0.0,0.10830503022048588,0.04853282646054954,0.06995933801736026
2022-01-18 14:30:00-08:00,2022-01-18 14:20:53.100000-08:00,Dyer,EF,0.29488641413930333,0.8799011193033356,0.0,0.3099523548795672,0.13275768498191537,0.19901739170356522
2022-01-18 14:30:00-08:00,2022-01-18 14:20:53.100000-08:00,Brutsaert,zeta,-1.0553571785215488,,,,,
2022-01-18 14:30:00-08:00,2022-01-18 14:20:53.100000-08:00,Brutsaert,u_star,0.4784921196147419,,,,,
2022-01-18 14:30:00-08:00,2022-01-18 14:20:53.100000-08:00,Brutsaert,Psi_M,1.034917166834574,,,,,
2022-01-18 14:30:00-08:00,2022-01-18 14:20:53.100000-08:00,Brutsaert,Psi_H,1.7235180946705289,,,,,
2022-01-18 14:30:00-08:00,2022-01-18 14:20:53.100000-08:00,Brutsaert,r_aH,40.59283441382169,,,,,
2022-01-18 14:30:00-08:00,2022-01-18 14:20:53.100000-08:00,Brutsaert,r_bH,6.487770557028759,9.069578519661476,1.4568567069463896,6.414402980969033,1.2665605037669707,4.097611827905428
2022-01-18 14:30:00-08:00,2022-01-18 14:20:53.100000-08:00,Brutsaert,r_H,47.080604970850445,49.66241293348317,42.04969112076808,47.00723739479072,1.2665605037669678,28.734260205997618
2022-01-18 14:30:00-08:00,2022-01-18 14:20:53.100000-08:00,Brutsaert,L,-57.123860726309175,,,,,
2022-01-18 14:30:00-08:00,2022-01-18 14:20:53.100000-08:00,Brutsaert,H,162.20278026395363,410.6683118702621,30.335735624671834,159.30998648471876,27.7893199942774,94.17809399649587
2022-01-18 14:30:00-08:00,2022-01-18 14:20:53.100000-08:00,Brutsaert,LE,76.73307142261154,231.16054123079692,0.0,79.83148568660769,32.78226410077404,51.2155032870112
2022-01-18 14:30:00-08:00,2022-01-18 14:20:53.100000-08:00,Brutsaert,ET,0.11212669815727838,0.33778483972975415,0.0,0.11665427609081212,0.047903295979399754,0.07483898626197268
2022-01-18 14:30:00-08:00,2022-01-18 14:20:53.100000-08:00,Brutsaert,EF,0.31833977078427367,0.8839917111269671,0.0,0.3338449200943554,0.13051420721126727,0.21298041284872915
2022-01-18 14:30:00-08:00,2022-01-18 14:20:53.100000-08:00,Bowen,zeta,,,,,,
2022-01-18 14:30:00-08:00,2022-01-18 14:20:53.100000-08:00,Bowen,u_star,,,,,,
2022-01-18 14:30:00-08:00,2022-01-18 14:20:53.100000-08:00,Bowen,Psi_M,,,,,,
2022-01-18 14:30:00-08:00,2022-01-18 14:20:53.100000-08:00,Bowen,Psi_H,,,,,,
2022-01-18 14:30:00-08:00,2022-01-18 14:20:53.100000-08:00,Bowen,r_aH,,,,,,
2022-01-18 14:30:00-08:00,2022-01-18 14:20:53.100000-08:00,Bowen,r_bH,,,,,,
2022-01-18 14:30:00-08:00,2022-01-18 14:20:53.100000-08:00,Bowen,r_H,154.69557189941406,913.9751586914062,25.278730392456055,148.4581298828125,66.94074249267578,128.65661686322943
2022-01-18 14:30:00-08:00,2022-01-18 14:20:53.100000-08:00,Bowen,L,,,,,,
2022-01-18 14:30:00-08:00,2022-01-18 14:20:53.100000-08:00,Bowen,H,51.59421157836914,58.206485748291016,27.426372528076172,52.1080322265625,25.679893493652344,45.96784555984104
2022-01-18 14:30:00-08:00,2022-01-18 14:20:53.100000-08:00,Bowen,LE,183.0021209716797,206.4561767578125,97.28028869628906,184.82518005371094,72.63371276855469,163.0461848144388
2022-01-18 14:30:00-08:00,2022-01-18 14:20:53.100000-08:00,Bowen,ET,0.26741355657577515,0.3016854226589203,0.14215144515037537,0.2700769901275635,0.07405917346477509,0.23825229071976387
2022-01-18 14:30:00-08:00,2022-01-18 14:20:53.100000-08:00,Bowen,EF,0.7800731062889099,0.7800729870796204,0.7800728678703308,0.7800729274749756,0.28372544050216675,0.6901179826852258
2022-01-25 10:30:00-08:00,2022-01-25 10:00:41.600000-08:00,Neutral,zeta,0.0,,,,,
2022-01-25 10:30:00-08:00,2022-01-25 10:00:41.600000-08:00,Neutral,u_star,0.25907239852732467,,,,,
2022-01-25 10:30:00-08:00,2022-01-25 10:00:41.600000-08:00,Neutral,Psi_M,0.0,,,,,
2022-01-25 10:30:00-08:00,2022-01-25 10:00:41.600000-08:00,Neutral,Psi_H,0.0,,,,,
2022-01-25 10:30:00-08:00,2022-01-25 10:00:41.600000-08:00,Neutral,r_aH,91.17971703716853,,,,,
2022-01-25 10:30:00-08:00,2022-01-25 10:00:41.600000-08:00,Neutral,r_bH,8.275654262452104,12.305330049502656,1.7000476519826975,8.077201566911848,1.7635935300458194,5.861590339183712
2022-01-25 10:30:00-08:00,2022-01-25 10:00:41.600000-08:00,Neutral,r_H,99.45537129962042,103.48504708667119,92.87976468915123,99.25691860408038,1.763593530045892,68.54041100243346
2022-01-25 10:30:00-08:00,2022-01-25 10:00:41.600000-08:00,Neutral,L,-19.955494734183034,,,,,
2022-01-25 10:30:00-08:00,2022-01-25 10:00:41.600000-08:00,Neutral,H,54.940530268121385,165.24837543324946,0.0,55.123345839333616,11.714319550113581,38.225013966380274
2022-01-25 10:30:00-08:00,2022-01-25 10:00:41.600000-08:00,Neutral,LE,291.05516537516746,387.2620849609375,114.32767437143804,290.65290505731843,18.40100042464612,199.1861329813862
2022-01-25 10:30:00-08:00,2022-01-25 10:00:41.600000-08:00,Neutral,ET,0.424777160394316,0.5651852581487437,0.16685422782786613,0.42419008613526604,0.026855131393112297,0.2906999429084058
2022-01-25 10:30:00-08:00,2022-01-25 10:00:41.600000-08:00,Neutral,EF,0.8405255395706526,1.0,0.40893229034213635,0.840543064212755,0.03672177180965993,0.5764956441059618
2022-01-25 10:30:00-08:00,2022-01-25 10:00:41.600000-08:00,Dyer,zeta,-2.1390898233447797,,,,,
2022-01-25 10:30:00-08:00,2022-01-25 10:00:41.600000-08:00,Dyer,u_star,0.3267346343769608,,,,,
2022-01-25 10:30:00-08:00,2022-01-25 10:00:41.600000-08:00,Dyer,Psi_M,1.5341004176421698,,,,,
2022-01-25 10:30:00-08:00,2022-01-25 10:00:41.600000-08:00,Dyer,Psi_H,2.486897196777824,,,,,
2022-01-25 10:30:00-08:00,2022-01-25 10:00:41.600000-08:00,Dyer,r_aH,53.74128565537738,,,,,
2022-01-25 10:30:00-08:00,2022-01-25 10:00:41.600000-08:00,Dyer,r_bH,7.402788874402862,11.007439109632667,1.5207370251259424,7.225267755220039,1.5775804726917553,5.243345646530103
2022-01-25 10:30:00-08:00,2022-01-25 10:00:41.600000-08:00,Dyer,r_H,61.14407452978018,64.74872476501005,55.26202268050332,60.96655341059742,1.5775804726917013,42.18621534673725
2022-01-25 10:30:00-08:00,2022-01-25 10:00:41.600000-08:00,Dyer,L,-28.18160895487164,,,,,
2022-01-25 10:30:00-08:00,2022-01-25 10:00:41.600000-08:00,Dyer,H,89.34530117703521,265.1093900047535,0.0,89.61989657993828,18.91820689793144,62.109288993675406
2022-01-25 10:30:00-08:00,2022-01-25 10:00:41.600000-08:00,Dyer,LE,256.65039446625417,387.2620849609375,15.334613169025317,256.092548122481,25.37957172852362,175.30185795409108
2022-01-25 10:30:00-08:00,2022-01-25 10:00:41.600000-08:00,Dyer,ET,0.374565507658768,0.5651852581487437,0.022379927287281207,0.373751365138608,0.037039928142034384,0.2558423085795533
2022-01-25 10:30:00-08:00,2022-01-25 10:00:41.600000-08:00,Dyer,EF,0.7406898410523471,1.0,0.05484952369753459,0.7407506394972658,0.0592243528224851,0.5071991880175961
2022-01-25 10:30:00-08:00,2022-01-25 10:00:41.600000-08:00,Brutsaert,zeta,-2.4086127018522228,,,,,
2022-01-25 10:30:00-08:00,2022-01-25 10:00:41.600000-08:00,Brutsaert,u_star,0.30851994785324116,,,,,
2022-01-25 10:30:00-08:00,2022-01-25 10:00:41.600000-08:00,Brutsaert,Psi_M,1.1875884602590054,,,,,
2022-01-25 10:30:00-08:00,2022-01-25 10:00:41.600000-08:00,Brutsaert,Psi_H,2.3552117888624835,,,,,
2022-01-25 10:30:00-08:00,2022-01-25 10:00:41.600000-08:00,Brutsaert,r_aH,57.97682085609646,,,,,
2022-01-25 10:30:00-08:00,2022-01-25 10:00:41.600000-08:00,Brutsaert,r_bH,7.611806016445501,11.318233258018989,1.5636749113986863,7.429272602894521,1.6221233290862243,5.3913910845904764
2022-01-25 10:30:00-08:00,2022-01-25 10:00:41.600000-08:00,Brutsaert,r_H,65.58862687254191,69.29505411411544,59.540495767495145,65.40609345899098,1.6221233290860957,45.245855160008645
2022-01-25 10:30:00-08:00,2022-01-25 10:00:41.600000-08:00,Brutsaert,L,-25.029610239197442,,,,,
2022-01-25 10:30:00-08:00,2022-01-25 10:00:41.600000-08:00,Brutsaert,H,83.29271377846887,247.58729466435284,0.0,83.55183622309124,17.651557956863133,57.90842395510183
2022-01-25 10:30:00-08:00,2022-01-25 10:00:41.600000-08:00,Brutsaert,LE,262.7029818648208,387.2620849609375,32.687169375457785,262.16911888524464,24.14501913674475,179.5027229926646
2022-01-25 10:30:00-08:00,2022-01-25 10:00:41.600000-08:00,Brutsaert,ET,0.3833988876982117,0.5651852581487437,0.04770491865601377,0.38261974742694405,0.03523817436242463,0.2619732134201698
2022-01-25 10:30:00-08:00,2022-01-25 10:00:41.600000-08:00,Brutsaert,EF,0.7582527719398693,1.0,0.1169169154449858,0.7583035597420688,0.055269559627213236,0.5193871376297352
2022-01-25 10:30:00-08:00,2022-01-25 10:00:41.600000-08:00,Bowen,zeta,,,,,,
2022-01-25 10:30:00-08:00,2022-01-25 10:00:41.600000-08:00,Bowen,u_star,,,,,,
2022-01-25 10:30:00-08:00,2022-01-25 10:00:41.600000-08:00,Bowen,Psi_M,,,,,,
2022-01-25 10:30:00-08:00,2022-01-25 10:00:41.600000-08:00,Bowen,Psi_H,,,,,,
2022-01-25 10:30:00-08:00,2022-01-25 10:00:41.600000-08:00,Bowen,r_aH,,,,,,
2022-01-25 10:30:00-08:00,2022-01-25 10:00:41.600000-08:00,Bowen,r_bH,,,,,,
2022-01-25 10:30:00-08:00,2022-01-25 10:00:41.600000-08:00,Bowen,r_H,78.63612365722656,944.9314575195312,-43.520084381103516,77.79791259765625,39.00025939941406,67.82016227450168
2022-01-25 10:30:00-08:00,2022-01-25 10:00:41.600000-08:00,Bowen,L,,,,,,
2022-01-25 10:30:00-08:00,2022-01-25 10:00:41.600000-08:00,Bowen,H,71.63825225830078,81.106201171875,33.241851806640625,72.1620101928711,23.778125762939453,61.426284559322085
2022-01-25 10:30:00-08:00,2022-01-25 10:00:41.600000-08:00,Bowen,LE,270.41644287109375,306.1558837890625,125.47978210449219,272.3937683105469,95.11189270019531,231.8690405829935
2022-01-25 10:30:00-08:00,2022-01-25 10:00:41.600000-08:00,Bowen,ET,0.3946573734283447,0.44681572914123535,0.18313004076480865,0.39754199981689453,0.18576541543006897,0.3383986516662901
2022-01-25 10:30:00-08:00,2022-01-25 10:00:41.600000-08:00,Bowen,EF,0.7905625700950623,0.7905651330947876,0.790565013885498,0.7905650734901428,0.37153083086013794,0.6778568377649862
2022-01-25 11:30:00-08:00,2022-01-25 11:04:28.900000-08:00,Neutral,zeta,0.0,,,,,
2022-01-25 11:30:00-08:00,2022-01-25 11:04:28.900000-08:00,Neutral,u_star,0.1930164335531851,,,,,
2022-01-25 11:30:00-08:00,2022-01-25 11:04:28.900000-08:00,Neutral,Psi_M,0.0,,,,,
2022-01-25 11:30:00-08:00,2022-01-25 11:04:28.900000-08:00,Neutral,Psi_H,0.0,,,,,
2022-01-25 11:30:00-08:00,2022-01-25 11:04:28.900000-08:00,Neutral,r_aH,122.38308691525326,,,,,
2022-01-25 11:30:00-08:00,2022-01-25 11:04:28.900000-08:00,Neutral,r_bH,8.05234328511882,14.256291868287398,1.7137585508759021,7.660817133614308,2.076538365615144,6.3592794129342165
2022-01-25 11:30:00-08:00,2022-01-25 11:04:28.900000-08:00,Neutral,r_H,130.4354302003719,136.63937878354065,124.09684546612917,130.04390404886757,2.076538365615378,107.28483340836597
2022-01-25 11:30:00-08:00,2022-01-25 11:04:28.900000-08:00,Neutral,L,-6.712262611779862,,,,,
2022-01-25 11:30:00-08:00,2022-01-25 11:04:28.900000-08:00,Neutral,H,67.63609256445125,211.9058549963155,0.0,67.87094199425057,11.964032468032947,53.27983080593401
2022-01-25 11:30:00-08:00,2022-01-25 11:04:28.900000-08:00,Neutral,LE,355.2224724004928,471.18231201171875,89.96893138063763,355.12350250249494,22.04937535527039,298.0398901435667
2022-01-25 11:30:00-08:00,2022-01-25 11:04:28.900000-08:00,Neutral,ET,0.5189357216952647,0.688338582526867,0.13143338601484864,0.5187911390198028,0.03221138695306243,0.43539910197813947
2022-01-25 11:30:00-08:00,2022-01-25 11:04:28.900000-08:00,Neutral,EF,0.8393239147246626,1.0,0.29803393804573264,0.8394059523702754,0.03190429048248835,0.6992585911773894
2022-01-25 11:30:00-08:00,2022-01-25 11:04:28.900000-08:00,Dyer,zeta,-5.496834003720457,,,,,
2022-01-25 11:30:00-08:00,2022-01-25 11:04:28.900000-08:00,Dyer,u_star,0.27069777484577406,,,,,
2022-01-25 11:30:00-08:00,2022-01-25 11:04:28.900000-08:00,Dyer,Psi_M,2.131959908386886,,,,,
2022-01-25 11:30:00-08:00,2022-01-25 11:04:28.900000-08:00,Dyer,Psi_H,3.303326673538636,,,,,
2022-01-25 11:30:00-08:00,2022-01-25 11:04:28.900000-08:00,Dyer,r_aH,57.52434177694677,,,,,
2022-01-25 11:30:00-08:00,2022-01-25 11:04:28.900000-08:00,Dyer,r_bH,6.877233530487121,12.175815782492425,1.4636631042573365,6.542844312113172,1.773501050525794,5.431245050020513
2022-01-25 11:30:00-08:00,2022-01-25 11:04:28.900000-08:00,Dyer,r_H,64.40157530743406,69.70015755943919,58.988004881204105,64.06718608905994,1.7735010505257656,52.86979402273251
2022-01-25 11:30:00-08:00,2022-01-25 11:04:28.900000-08:00,Dyer,L,-10.966533782720939,,,,,
2022-01-25 11:30:00-08:00,2022-01-25 11:04:28.900000-08:00,Dyer,H,136.93471830720304,416.21710223019454,0.0,137.36414239389694,23.784556290090038,108.10057596440576
2022-01-25 11:30:00-08:00,2022-01-25 11:04:28.900000-08:00,Dyer,LE,285.9239061672859,471.18231201171875,0.0,285.2844718964011,33.24745018135584,243.21917682295168
2022-01-25 11:30:00-08:00,2022-01-25 11:04:28.900000-08:00,Dyer,ET,0.41769916073767976,0.688338582526867,0.0,0.41676502703100327,0.04857037742516297,0.35531287815723045
2022-01-25 11:30:00-08:00,2022-01-25 11:04:28.900000-08:00,Dyer,EF,0.6747774465505794,1.0,0.0,0.6748287568617096,0.06322597944010044,0.5702579601067379
2022-01-25 11:30:00-08:00,2022-01-25 11:04:28.900000-08:00,Brutsaert,zeta,-7.8475549236876185,,,,,
2022-01-25 11:30:00-08:00,2022-01-25 11:04:28.900000-08:00,Brutsaert,u_star,0.23161807316325136,,,,,
2022-01-25 11:30:00-08:00,2022-01-25 11:04:28.900000-08:00,Brutsaert,Psi_M,1.2442786083199322,,,,,
2022-01-25 11:30:00-08:00,2022-01-25 11:04:28.900000-08:00,Brutsaert,Psi_H,3.360570627083215,,,,,
2022-01-25 11:30:00-08:00,2022-01-25 11:04:28.900000-08:00,Brutsaert,r_aH,66.69897385530085,,,,,
2022-01-25 11:30:00-08:00,2022-01-25 11:04:28.900000-08:00,Brutsaert,r_bH,7.4368366151288186,13.166566502197766,1.582761922755744,7.0752380200129785,1.9178114995013997,5.873187506963827
2022-01-25 11:30:00-08:00,2022-01-25 11:04:28.900000-08:00,Brutsaert,r_H,74.13581047042969,79.86554035749862,68.2817357780566,73.77421187531382,1.9178114995013462,60.87777234746972
2022-01-25 11:30:00-08:00,2022-01-25 11:04:28.900000-08:00,Brutsaert,L,-7.682054762846381,,,,,
2022-01-25 11:30:00-08:00,2022-01-25 11:04:28.900000-08:00,Brutsaert,H,118.95937037445096,363.1428609818742,0.0,119.34163005800538,20.711886726800046,93.88185239514375
2022-01-25 11:30:00-08:00,2022-01-25 11:04:28.900000-08:00,Brutsaert,LE,303.8992116471034,471.18231201171875,0.0,303.35771848809,30.291321918677387,257.4378685543569
2022-01-25 11:30:00-08:00,2022-01-25 11:04:28.900000-08:00,Brutsaert,ET,0.44395883980253736,0.688338582526867,0.0,0.44316778584312144,0.04425184278107092,0.37608461313598024
2022-01-25 11:30:00-08:00,2022-01-25 11:04:28.900000-08:00,Brutsaert,EF,0.7174593467350836,1.0,0.0,0.717508373503254,0.055086770315079525,0.6037166133265687
2022-01-25 11:30:00-08:00,2022-01-25 11:04:28.900000-08:00,Bowen,zeta,,,,,,
2022-01-25 11:30:00-08:00,2022-01-25 11:04:28.900000-08:00,Bowen,u_star,,,,,,
2022-01-25 11:30:00-08:00,2022-01-25 11:04:28.900000-08:00,Bowen,Psi_M,,,,,,
2022-01-25 11:30:00-08:00,2022-01-25 11:04:28.900000-08:00,Bowen,Psi_H,,,,,,
2022-01-25 11:30:00-08:00,2022-01-25 11:04:28.900000-08:00,Bowen,r_aH,,,,,,
2022-01-25 11:30:00-08:00,2022-01-25 11:04:28.900000-08:00,Bowen,r_bH,,,,,,
2022-01-25 11:30:00-08:00,2022-01-25 11:04:28.900000-08:00,Bowen,r_H,97.01986694335938,696.5625610351562,-7.87099552154541,95.89985656738281,48.595401763916016,79.42600079706148
2022-01-25 11:30:00-08:00,2022-01-25 11:04:28.900000-08:00,Bowen,L,,,,,,
2022-01-25 11:30:00-08:00,2022-01-25 11:04:28.900000-08:00,Bowen,H,92.87567901611328,104.20108795166016,49.905555725097656,93.51667022705078,39.91260528564453,81.42490713844872
2022-01-25 11:30:00-08:00,2022-01-25 11:04:28.900000-08:00,Bowen,LE,327.0950622558594,366.9812316894531,175.76019287109375,329.3522644042969,129.69496154785156,286.766799526645
2022-01-25 11:30:00-08:00,2022-01-25 11:04:28.900000-08:00,Bowen,ET,0.47784557938575745,0.5361137986183167,0.2567637264728546,0.4811426103115082,0.17913560569286346,0.41893054126178897
2022-01-25 11:30:00-08:00,2022-01-25 11:04:28.900000-08:00,Bowen,EF,0.7788508534431458,0.7788519263267517,0.7788518071174622,0.7788518667221069,0.35823512077331543,0.6769258528697197
2022-01-25 12:30:00-08:00,2022-01-25 12:07:29.900000-08:00,Neutral,zeta,0.0,,,,,
2022-01-25 12:30:00-08:00,2022-01-25 12:07:29.900000-08:00,Neutral,u_star,0.20153761114837349,,,,,
2022-01-25 12:30:00-08:00,2022-01-25 12:07:29.900000-08:00,Neutral,Psi_M,0.0,,,,,
2022-01-25 12:30:00-08:00,2022-01-25 12:07:29.900000-08:00,Neutral,Psi_H,0.0,,,,,
2022-01-25 12:30:00-08:00,2022-01-25 12:07:29.900000-08:00,Neutral,r_aH,117.21001409983977,,,,,
2022-01-25 12:30:00-08:00,2022-01-25 12:07:29.900000-08:00,Neutral,r_bH,7.545940917814925,13.951657952802655,1.6170892469324778,7.156134415734822,2.021974260395408,5.783564724412475
2022-01-25 12:30:00-08:00,2022-01-25 12:07:29.900000-08:00,Neutral,r_H,124.75595501765451,131.16167205264242,118.82710334677225,124.3661485155746,2.021974260395228,100.34100239834639
2022-01-25 12:30:00-08:00,2022-01-25 12:07:29.900000-08:00,Neutral,L,-6.733098689088538,,,,,
2022-01-25 12:30:00-08:00,2022-01-25 12:07:29.900000-08:00,Neutral,H,80.97847443473837,234.94364418704782,0.0,82.0801211494467,15.59921698558715,64.58754759766198
2022-01-25 12:30:00-08:00,2022-01-25 12:07:29.900000-08:00,Neutral,LE,342.3024035211734,479.5247497558594,67.08565268795218,341.1911995829718,27.79244485745653,278.62669316746917
2022-01-25 12:30:00-08:00,2022-01-25 12:07:29.900000-08:00,Neutral,ET,0.5004838955879428,0.7011181117044124,0.09808662881109265,0.49885919278111984,0.040635621973688064,0.40738297884202934
2022-01-25 12:30:00-08:00,2022-01-25 12:07:29.900000-08:00,Neutral,EF,0.807512987048676,1.0,0.22211637540485593,0.805825443830914,0.04198953107464131,0.6544893515202301
2022-01-25 12:30:00-08:00,2022-01-25 12:07:29.900000-08:00,Dyer,zeta,-5.59169035802543,,,,,
2022-01-25 12:30:00-08:00,2022-01-25 12:07:29.900000-08:00,Dyer,u_star,0.28325592045732095,,,,,
2022-01-25 12:30:00-08:00,2022-01-25 12:07:29.900000-08:00,Dyer,Psi_M,2.1435098288315904,,,,,
2022-01-25 12:30:00-08:00,2022-01-25 12:07:29.900000-08:00,Dyer,Psi_H,3.3186295622250546,,,,,
2022-01-25 12:30:00-08:00,2022-01-25 12:07:29.900000-08:00,Dyer,r_aH,54.84362109158472,,,,,
2022-01-25 12:30:00-08:00,2022-01-25 12:07:29.900000-08:00,Dyer,r_bH,6.439010238873077,11.905058545484213,1.3798748667097886,6.106385310396994,1.725366406551049,4.935160887591587
2022-01-25 12:30:00-08:00,2022-01-25 12:07:29.900000-08:00,Dyer,r_H,61.282631330457825,66.74867963706893,56.223495958294514,60.95000640198172,1.72536640655101,49.17943747954756
2022-01-25 12:30:00-08:00,2022-01-25 12:07:29.900000-08:00,Dyer,L,-10.781682856902501,,,,,
2022-01-25 12:30:00-08:00,2022-01-25 12:07:29.900000-08:00,Dyer,H,164.7550700880693,477.2771419787333,0.0,166.97893401381128,31.096907201953492,131.76350696935972
2022-01-25 12:30:00-08:00,2022-01-25 12:07:29.900000-08:00,Dyer,LE,258.52673833571663,479.5247497558594,0.0,255.74563122961138,42.66342920967195,211.455737826144
2022-01-25 12:30:00-08:00,2022-01-25 12:07:29.900000-08:00,Dyer,ET,0.37799462634477415,0.7011181117044124,0.0,0.37392834079085435,0.06237864248206095,0.30917162813642207
2022-01-25 12:30:00-08:00,2022-01-25 12:07:29.900000-08:00,Dyer,EF,0.6084942943748061,1.0,0.0,0.6047536608577271,0.08345959463051643,0.4962072955920119
2022-01-25 12:30:00-08:00,2022-01-25 12:07:29.900000-08:00,Brutsaert,zeta,-7.9888519501271364,,,,,
2022-01-25 12:30:00-08:00,2022-01-25 12:07:29.900000-08:00,Brutsaert,u_star,0.2418560649980889,,,,,
2022-01-25 12:30:00-08:00,2022-01-25 12:07:29.900000-08:00,Brutsaert,Psi_M,1.244862068762767,,,,,
2022-01-25 12:30:00-08:00,2022-01-25 12:07:29.900000-08:00,Brutsaert,Psi_H,3.3763609996898065,,,,,
2022-01-25 12:30:00-08:00,2022-01-25 12:07:29.900000-08:00,Brutsaert,r_aH,63.71879296423581,,,,,
2022-01-25 12:30:00-08:00,2022-01-25 12:07:29.900000-08:00,Brutsaert,r_bH,6.970342204242707,12.887435948244653,1.4937388920326171,6.6102698497769135,1.8677395803415242,5.342398745048084
2022-01-25 12:30:00-08:00,2022-01-25 12:07:29.900000-08:00,Brutsaert,r_H,70.68913516847853,76.60622891248046,65.21253185626843,70.32906281401273,1.867739580341539,56.74658840107734
2022-01-25 12:30:00-08:00,2022-01-25 12:07:29.900000-08:00,Brutsaert,L,-7.547024433170392,,,,,
2022-01-25 12:30:00-08:00,2022-01-25 12:07:29.900000-08:00,Brutsaert,H,142.84106098803488,412.0705541488023,0.0,144.77503616984507,27.035299179166536,114.19342067375527
2022-01-25 12:30:00-08:00,2022-01-25 12:07:29.900000-08:00,Brutsaert,LE,280.4400034617426,479.5247497558594,0.0,278.07285247573316,38.722426130193604,229.02082009137584
2022-01-25 12:30:00-08:00,2022-01-25 12:07:29.900000-08:00,Brutsaert,ET,0.41003423863644406,0.7011181117044124,0.0,0.4065732026205252,0.05661646099150705,0.33485371715477197
2022-01-25 12:30:00-08:00,2022-01-25 12:07:29.900000-08:00,Brutsaert,EF,0.6605519475029882,1.0,0.0,0.6573413652653894,0.07260491140989664,0.537596254582267
2022-01-25 12:30:00-08:00,2022-01-25 12:07:29.900000-08:00,Bowen,zeta,,,,,,
2022-01-25 12:30:00-08:00,2022-01-25 12:07:29.900000-08:00,Bowen,u_star,,,,,,
2022-01-25 12:30:00-08:00,2022-01-25 12:07:29.900000-08:00,Bowen,Psi_M,,,,,,
2022-01-25 12:30:00-08:00,2022-01-25 12:07:29.900000-08:00,Bowen,Psi_H,,,,,,
2022-01-25 12:30:00-08:00,2022-01-25 12:07:29.900000-08:00,Bowen,r_aH,,,,,,
2022-01-25 12:30:00-08:00,2022-01-25 12:07:29.900000-08:00,Bowen,r_bH,,,,,,
2022-01-25 12:30:00-08:00,2022-01-25 12:07:29.900000-08:00,Bowen,r_H,138.71173095703125,919.8417358398438,-19.25991439819336,138.1269073486328,63.878231048583984,114.14244621144536
2022-01-25 12:30:00-08:00,2022-01-25 12:07:29.900000-08:00,Bowen,L,,,,,,
2022-01-25 12:30:00-08:00,2022-01-25 12:07:29.900000-08:00,Bowen,H,74.5210952758789,84.95858001708984,40.00846862792969,74.99009704589844,24.214767456054688,63.321441361309155
2022-01-25 12:30:00-08:00,2022-01-25 12:07:29.900000-08:00,Bowen,LE,346.093017578125,394.566162109375,185.8080596923828,348.2703857421875,134.50917053222656,294.078590539409
2022-01-25 12:30:00-08:00,2022-01-25 12:07:29.900000-08:00,Bowen,ET,0.5060253143310547,0.5768992304801941,0.2716718912124634,0.5092097520828247,0.1806417852640152,0.4299753436130155
2022-01-25 12:30:00-08:00,2022-01-25 12:07:29.900000-08:00,Bowen,EF,0.8228272199630737,0.8228275775909424,0.8228275179862976,0.8228275179862976,0.3715325891971588,0.6950406679492336
2022-01-25 13:30:00-08:00,2022-01-25 13:07:15.200000-08:00,Neutral,zeta,0.0,,,,,
2022-01-25 13:30:00-08:00,2022-01-25 13:07:15.200000-08:00,Neutral,u_star,0.09925440596790434,,,,,
2022-01-25 13:30:00-08:00,2022-01-25 13:07:15.200000-08:00,Neutral,Psi_M,0.0,,,,,
2022-01-25 13:30:00-08:00,2022-01-25 13:07:15.200000-08:00,Neutral,Psi_H,0.0,,,,,
2022-01-25 13:30:00-08:00,2022-01-25 13:07:15.200000-08:00,Neutral,r_aH,237.99609376348067,,,,,
2022-01-25 13:30:00-08:00,2022-01-25 13:07:15.200000-08:00,Neutral,r_bH,11.16308013593153,19.880576488591547,2.675538814101703,10.651729105660731,2.8666399038648507,10.183317447240784
2022-01-25 13:30:00-08:00,2022-01-25 13:07:15.200000-08:00,Neutral,r_H,249.15917389941214,257.87667025207224,240.6716325775824,248.6478228691414,2.8666399038652255,228.18485053580602
2022-01-25 13:30:00-08:00,2022-01-25 13:07:15.200000-08:00,Neutral,L,-1.3196583448540344,,,,,
2022-01-25 13:30:00-08:00,2022-01-25 13:07:15.200000-08:00,Neutral,H,39.29197836709174,127.31763941878438,0.0,39.55094033729536,7.4527853589429025,34.51837331119835
2022-01-25 13:30:00-08:00,2022-01-25 13:07:15.200000-08:00,Neutral,LE,344.31652459929984,432.4839172363281,136.14361713725552,344.4731037067715,18.630259897148633,318.78036305997506
2022-01-25 13:30:00-08:00,2022-01-25 13:07:15.200000-08:00,Neutral,ET,0.5039157535085819,0.63295091424413,0.19924955241385406,0.5041449109067573,0.027265846346055347,0.4665429492297853
2022-01-25 13:30:00-08:00,2022-01-25 13:07:15.200000-08:00,Neutral,EF,0.8969498097710069,1.0,0.5214252741161777,0.8968837247614829,0.02227338343416752,0.82616572635308
2022-01-25 13:30:00-08:00,2022-01-25 13:07:15.200000-08:00,Dyer,zeta,-19.878620780472502,,,,,
2022-01-25 13:30:00-08:00,2022-01-25 13:07:15.200000-08:00,Dyer,u_star,0.16767078079333345,,,,,
2022-01-25 13:30:00-08:00,2022-01-25 13:07:15.200000-08:00,Dyer,Psi_M,3.059028930691472,,,,,
2022-01-25 13:30:00-08:00,2022-01-25 13:07:15.200000-08:00,Dyer,Psi_H,4.488024716800182,,,,,
2022-01-25 13:30:00-08:00,2022-01-25 13:07:15.200000-08:00,Dyer,r_aH,75.74193650429248,,,,,
2022-01-25 13:30:00-08:00,2022-01-25 13:07:15.200000-08:00,Dyer,r_bH,8.909721613928241,15.867520422756238,2.1354595425840928,8.501590948266951,2.2879853230305214,8.127731992994667
2022-01-25 13:30:00-08:00,2022-01-25 13:07:15.200000-08:00,Dyer,r_H,84.65165811822091,91.60945692704873,77.87739604687657,84.24352745255943,2.2879853230302487,77.50642647460212
2022-01-25 13:30:00-08:00,2022-01-25 13:07:15.200000-08:00,Dyer,L,-3.0333898708318263,,,,,
2022-01-25 13:30:00-08:00,2022-01-25 13:07:15.200000-08:00,Dyer,H,115.55375410064738,372.6872218294186,0.0,116.36345344970282,21.286158304810986,101.57251158921589
2022-01-25 13:30:00-08:00,2022-01-25 13:07:15.200000-08:00,Dyer,LE,268.05511151188347,432.4839172363281,0.0,267.19600105427656,31.806433476344765,251.72625812882657
2022-01-25 13:30:00-08:00,2022-01-25 13:07:15.200000-08:00,Dyer,ET,0.3923052884450865,0.63295091424413,0.0,0.39104795903257655,0.04654950241004344,0.3684076074783366
2022-01-25 13:30:00-08:00,2022-01-25 13:07:15.200000-08:00,Dyer,EF,0.6970538824125624,1.0,0.0,0.6964532976125087,0.06342857521887453,0.6517502424261354
2022-01-25 13:30:00-08:00,2022-01-25 13:07:15.200000-08:00,Brutsaert,zeta,-46.41376777829225,,,,,
2022-01-25 13:30:00-08:00,2022-01-25 13:07:15.200000-08:00,Brutsaert,u_star,0.11857976296374931,,,,,
2022-01-25 13:30:00-08:00,2022-01-25 13:07:15.200000-08:00,Brutsaert,Psi_M,1.279159008678517,,,,,
2022-01-25 13:30:00-08:00,2022-01-25 13:07:15.200000-08:00,Brutsaert,Psi_H,4.979030431452718,,,,,
2022-01-25 13:30:00-08:00,2022-01-25 13:07:15.200000-08:00,Brutsaert,r_aH,97.57248731468073,,,,,
2022-01-25 13:30:00-08:00,2022-01-25 13:07:15.200000-08:00,Brutsaert,r_bH,10.832713812849528,19.29221979175599,2.5963574493247035,10.336495985746424,2.7818029885072013,9.881946759146064
2022-01-25 13:30:00-08:00,2022-01-25 13:07:15.200000-08:00,Brutsaert,r_H,108.40520112753022,116.86470710643673,100.16884476400543,107.90898330042715,2.7818029885073643,99.2571608036419
2022-01-25 13:30:00-08:00,2022-01-25 13:07:15.200000-08:00,Brutsaert,L,-1.2984817188625692,,,,,
2022-01-25 13:30:00-08:00,2022-01-25 13:07:15.200000-08:00,Brutsaert,H,90.23874552357779,291.16516360481825,0.0,90.87068540446148,16.66206881551974,79.31684157933029
2022-01-25 13:30:00-08:00,2022-01-25 13:07:15.200000-08:00,Brutsaert,LE,293.3697660684059,432.4839172363281,0.0,292.7852916402403,27.31733140247532,273.98189479184316
2022-01-25 13:30:00-08:00,2022-01-25 13:07:15.200000-08:00,Brutsaert,ET,0.4293539117735947,0.63295091424413,0.0,0.42849851898575475,0.03997959044673461,0.40097928242745157
2022-01-25 13:30:00-08:00,2022-01-25 13:07:15.200000-08:00,Brutsaert,EF,0.7634133320857341,1.0,0.0,0.7629670463641072,0.0496766163028941,0.709642812394201
2022-01-25 13:30:00-08:00,2022-01-25 13:07:15.200000-08:00,Bowen,zeta,,,,,,
2022-01-25 13:30:00-08:00,2022-01-25 13:07:15.200000-08:00,Bowen,u_star,,,,,,
2022-01-25 13:30:00-08:00,2022-01-25 13:07:15.200000-08:00,Bowen,Psi_M,,,,,,
2022-01-25 13:30:00-08:00,2022-01-25 13:07:15.200000-08:00,Bowen,Psi_H,,,,,,
2022-01-25 13:30:00-08:00,2022-01-25 13:07:15.200000-08:00,Bowen,r_aH,,,,,,
2022-01-25 13:30:00-08:00,2022-01-25 13:07:15.200000-08:00,Bowen,r_bH,,,,,,
2022-01-25 13:30:00-08:00,2022-01-25 13:07:15.200000-08:00,Bowen,r_H,158.09461975097656,1063.610107421875,-9.248774528503418,155.65347290039062,76.36190032958984,142.8260592734122
2022-01-25 13:30:00-08:00,2022-01-25 13:07:15.200000-08:00,Bowen,L,,,,,,
2022-01-25 13:30:00-08:00,2022-01-25 13:07:15.200000-08:00,Bowen,H,63.63346862792969,72.23811340332031,33.397098541259766,64.07670593261719,17.671371459960938,61.54467122379605
2022-01-25 13:30:00-08:00,2022-01-25 13:07:15.200000-08:00,Bowen,LE,317.3354797363281,360.24578857421875,166.54872131347656,319.5455322265625,136.53770446777344,306.9184666470492
2022-01-25 13:30:00-08:00,2022-01-25 13:07:15.200000-08:00,Bowen,ET,0.46442803740501404,0.5272286534309387,0.24374815821647644,0.4676627814769745,0.19093239307403564,0.4491827556962959
2022-01-25 13:30:00-08:00,2022-01-25 13:07:15.200000-08:00,Bowen,EF,0.8329723477363586,0.8329693078994751,0.8329691886901855,0.8329692482948303,0.377135694026947,0.7992206303146091
2022-01-25 14:30:00-08:00,2022-01-25 14:01:40.700000-08:00,Neutral,zeta,0.0,,,,,
2022-01-25 14:30:00-08:00,2022-01-25 14:01:40.700000-08:00,Neutral,u_star,0.20337376594521717,,,,,
2022-01-25 14:30:00-08:00,2022-01-25 14:01:40.700000-08:00,Neutral,Psi_M,0.0,,,,,
2022-01-25 14:30:00-08:00,2022-01-25 14:01:40.700000-08:00,Neutral,Psi_H,0.0,,,,,
2022-01-25 14:30:00-08:00,2022-01-25 14:01:40.700000-08:00,Neutral,r_aH,82.61257497116331,,,,,
2022-01-25 14:30:00-08:00,2022-01-25 14:01:40.700000-08:00,Neutral,r_bH,8.856634793536891,13.888532538848915,1.7558218469213034,8.590101670652162,2.002261147841942,5.791490440460965
2022-01-25 14:30:00-08:00,2022-01-25 14:01:40.700000-08:00,Neutral,r_H,91.46920976470068,96.50110751001223,84.36839681808462,91.20267664181547,2.00226114784178,65.7880905645583
2022-01-25 14:30:00-08:00,2022-01-25 14:01:40.700000-08:00,Neutral,L,-5.986203279158953,,,,,
2022-01-25 14:30:00-08:00,2022-01-25 14:01:40.700000-08:00,Neutral,H,111.4138077477967,245.0325706162569,25.49956297574046,111.76982833443705,14.484622154111056,76.83890536207517
2022-01-25 14:30:00-08:00,2022-01-25 14:01:40.700000-08:00,Neutral,LE,159.4321236136976,276.4900341701752,0.0,158.7830248260849,21.275602955521734,122.64738968710914
2022-01-25 14:30:00-08:00,2022-01-25 14:01:40.700000-08:00,Neutral,ET,0.23313864213800536,0.4043131940418262,0.0,0.23218946071504365,0.031111454023754915,0.17934808397024188
2022-01-25 14:30:00-08:00,2022-01-25 14:01:40.700000-08:00,Neutral,EF,0.5870557850371775,0.9135922145384758,0.0,0.5867652778306719,0.06361665231807101,0.4455315848744635
2022-01-25 14:30:00-08:00,2022-01-25 14:01:40.700000-08:00,Dyer,zeta,-0.4879961768682171,,,,,
2022-01-25 14:30:00-08:00,2022-01-25 14:01:40.700000-08:00,Dyer,u_star,0.2440091522821664,,,,,
2022-01-25 14:30:00-08:00,2022-01-25 14:01:40.700000-08:00,Dyer,Psi_M,0.783126425659189,,,,,
2022-01-25 14:30:00-08:00,2022-01-25 14:01:40.700000-08:00,Dyer,Psi_H,1.370137869782834,,,,,
2022-01-25 14:30:00-08:00,2022-01-25 14:01:40.700000-08:00,Dyer,r_aH,55.19919555121368,,,,,
2022-01-25 14:30:00-08:00,2022-01-25 14:01:40.700000-08:00,Dyer,r_bH,8.217549069073065,12.886350210431447,1.6291235350649742,7.970248704216986,1.8577800276340064,5.373582403136403
2022-01-25 14:30:00-08:00,2022-01-25 14:01:40.700000-08:00,Dyer,r_H,63.41674462028678,68.08554576164512,56.828319086278654,63.16944425543066,1.8577800276339278,45.4614753639117
2022-01-25 14:30:00-08:00,2022-01-25 14:01:40.700000-08:00,Dyer,L,-7.53871080632947,,,,,
2022-01-25 14:30:00-08:00,2022-01-25 14:01:40.700000-08:00,Dyer,H,160.68961309661964,353.3309723631352,36.24217504180699,161.10630606962542,20.63214287249199,111.18789794535385
2022-01-25 14:30:00-08:00,2022-01-25 14:01:40.700000-08:00,Dyer,LE,110.1750670982237,264.27152969546364,0.0,109.34812021840722,27.08971357167535,88.32173869110292
2022-01-25 14:30:00-08:00,2022-01-25 14:01:40.700000-08:00,Dyer,ET,0.1611097246812111,0.3864459946492274,0.0,0.1599004748242127,0.0396134661877369,0.12915345893280422
2022-01-25 14:30:00-08:00,2022-01-25 14:01:40.700000-08:00,Dyer,EF,0.40458392061619963,0.8770858792759435,0.0,0.4042153331638433,0.08996425967066783,0.3201800174111204
2022-01-25 14:30:00-08:00,2022-01-25 14:01:40.700000-08:00,Brutsaert,zeta,-0.4968927711691147,,,,,
2022-01-25 14:30:00-08:00,2022-01-25 14:01:40.700000-08:00,Brutsaert,u_star,0.2397548443507355,,,,,
2022-01-25 14:30:00-08:00,2022-01-25 14:01:40.700000-08:00,Brutsaert,Psi_M,0.7103101898045708,,,,,
2022-01-25 14:30:00-08:00,2022-01-25 14:01:40.700000-08:00,Brutsaert,Psi_H,1.22571682068812,,,,,
2022-01-25 14:30:00-08:00,2022-01-25 14:01:40.700000-08:00,Brutsaert,r_aH,57.707314983345064,,,,,
2022-01-25 14:30:00-08:00,2022-01-25 14:01:40.700000-08:00,Brutsaert,r_bH,8.255975276813013,12.946608271081104,1.6367415047133747,8.007518506912769,1.8664672214289284,5.398709894556898
2022-01-25 14:30:00-08:00,2022-01-25 14:01:40.700000-08:00,Brutsaert,r_H,65.96329026015815,70.65392325442616,59.34405648805844,65.71483349025783,1.8664672214288938,47.3081008377591
2022-01-25 14:30:00-08:00,2022-01-25 14:01:40.700000-08:00,Brutsaert,L,-7.403708567527755,,,,,
2022-01-25 14:30:00-08:00,2022-01-25 14:01:40.700000-08:00,Brutsaert,H,154.48622205886423,339.6572576291324,34.920186867023496,154.90060964429927,19.86577551939524,106.84825464131688
2022-01-25 14:30:00-08:00,2022-01-25 14:01:40.700000-08:00,Brutsaert,LE,116.37001627080245,265.78478144905193,0.0,115.56308189070673,26.392172478261962,92.65014541010761
2022-01-25 14:30:00-08:00,2022-01-25 14:01:40.700000-08:00,Brutsaert,ET,0.17016863956908138,0.38865883263349305,0.0,0.16898865412194597,0.03859344726265739,0.13548291652401626
2022-01-25 14:30:00-08:00,2022-01-25 14:01:40.700000-08:00,Brutsaert,EF,0.4275267668462987,0.8816110393218584,0.0,0.4271846896777858,0.08680939224640082,0.3359813401352381
2022-01-25 14:30:00-08:00,2022-01-25 14:01:40.700000-08:00,Bowen,zeta,,,,,,
2022-01-25 14:30:00-08:00,2022-01-25 14:01:40.700000-08:00,Bowen,u_star,,,,,,
2022-01-25 14:30:00-08:00,2022-01-25 14:01:40.700000-08:00,Bowen,Psi_M,,,,,,
2022-01-25 14:30:00-08:00,2022-01-25 14:01:40.700000-08:00,Bowen,Psi_H,,,,,,
2022-01-25 14:30:00-08:00,2022-01-25 14:01:40.700000-08:00,Bowen,r_aH,,,,,,
2022-01-25 14:30:00-08:00,2022-01-25 14:01:40.700000-08:00,Bowen,r_bH,,,,,,
2022-01-25 14:30:00-08:00,2022-01-25 14:01:40.700000-08:00,Bowen,r_H,-632.626953125,-131.65907287597656,-3732.032470703125,-624.5206298828125,295.173583984375,-463.43735960525595
2022-01-25 14:30:00-08:00,2022-01-25 14:01:40.700000-08:00,Bowen,L,,,,,,
2022-01-25 14:30:00-08:00,2022-01-25 14:01:40.700000-08:00,Bowen,H,0.0,0.0,0.0,0.0,0.0,0.0
2022-01-25 14:30:00-08:00,2022-01-25 14:01:40.700000-08:00,Bowen,LE,268.18914794921875,305.0749816894531,133.92791748046875,270.00958251953125,97.14645385742188,214.73854428688688
2022-01-25 14:30:00-08:00,2022-01-25 14:01:40.700000-08:00,Bowen,ET,0.39217400550842285,0.4461131691932678,0.1958436816930771,0.39483681321144104,0.1897391676902771,0.31401359294479075
2022-01-25 14:30:00-08:00,2022-01-25 14:01:40.700000-08:00,Bowen,EF,0.9999974966049194,1.0,1.0,1.0,0.5366634130477905,0.7887593717286305
2022-01-28 12:30:00-08:00,2022-01-28 12:10:43.800000-08:00,Neutral,zeta,0.0,,,,,
2022-01-28 12:30:00-08:00,2022-01-28 12:10:43.800000-08:00,Neutral,u_star,0.3124141147743838,,,,,
2022-01-28 12:30:00-08:00,2022-01-28 12:10:43.800000-08:00,Neutral,Psi_M,0.0,,,,,
2022-01-28 12:30:00-08:00,2022-01-28 12:10:43.800000-08:00,Neutral,Psi_H,0.0,,,,,
2022-01-28 12:30:00-08:00,2022-01-28 12:10:43.800000-08:00,Neutral,r_aH,75.61127874425274,,,,,
2022-01-28 12:30:00-08:00,2022-01-28 12:10:43.800000-08:00,Neutral,r_bH,5.88663151911362,11.2056855037273,1.5109830577791374,5.58110607090452,1.5650087924173288,4.491617425367451
2022-01-28 12:30:00-08:00,2022-01-28 12:10:43.800000-08:00,Neutral,r_H,81.49791026336625,86.81696424798004,77.12226180203189,81.19238481515727,1.5650087924171376,66.20392825241885
2022-01-28 12:30:00-08:00,2022-01-28 12:10:43.800000-08:00,Neutral,L,-20.047189706977885,,,,,
2022-01-28 12:30:00-08:00,2022-01-28 12:10:43.800000-08:00,Neutral,H,109.7930535285922,373.7699562406309,0.0,110.73057205357703,24.056035861274523,89.30586947122023
2022-01-28 12:30:00-08:00,2022-01-28 12:10:43.800000-08:00,Neutral,LE,314.18348295458304,485.6437683105469,0.0,313.3553113441406,36.29516673971392,258.49486998767804
2022-01-28 12:30:00-08:00,2022-01-28 12:10:43.800000-08:00,Neutral,ET,0.46082078099587936,0.7123058745612011,0.0,0.4596060809590298,0.05323502981787513,0.3791408980222226
2022-01-28 12:30:00-08:00,2022-01-28 12:10:43.800000-08:00,Neutral,EF,0.7392196030627621,1.0,0.0,0.7387121695607095,0.06415830282360815,0.6057620850076623
2022-01-28 12:30:00-08:00,2022-01-28 12:10:43.800000-08:00,Dyer,zeta,-2.2166737380554835,,,,,
2022-01-28 12:30:00-08:00,2022-01-28 12:10:43.800000-08:00,Dyer,u_star,0.3954185056604023,,,,,
2022-01-28 12:30:00-08:00,2022-01-28 12:10:43.800000-08:00,Dyer,Psi_M,1.5551667660452173,,,,,
2022-01-28 12:30:00-08:00,2022-01-28 12:10:43.800000-08:00,Dyer,Psi_H,2.5165733801952364,,,,,
2022-01-28 12:30:00-08:00,2022-01-28 12:10:43.800000-08:00,Dyer,r_aH,44.22336082866295,,,,,
2022-01-28 12:30:00-08:00,2022-01-28 12:10:43.800000-08:00,Dyer,r_bH,5.257195819814368,10.007503068107765,1.3494192373642717,4.984339075858744,1.3976682003547436,4.011345414805688
2022-01-28 12:30:00-08:00,2022-01-28 12:10:43.800000-08:00,Dyer,r_H,49.480556648477545,54.230863896770714,45.57278006602722,49.20769990452169,1.3976682003546685,40.10550801330213
2022-01-28 12:30:00-08:00,2022-01-28 12:10:43.800000-08:00,Dyer,L,-27.1943554732979,,,,,
2022-01-28 12:30:00-08:00,2022-01-28 12:10:43.800000-08:00,Dyer,H,180.75615065939792,613.4656041478798,0.0,182.33843441411528,39.118421004001235,147.3934262671705
2022-01-28 12:30:00-08:00,2022-01-28 12:10:43.800000-08:00,Dyer,LE,243.22638212618259,485.6437683105469,0.0,241.48028954020214,50.8743552782058,200.4274911041753
2022-01-28 12:30:00-08:00,2022-01-28 12:10:43.800000-08:00,Dyer,ET,0.3567462245823782,0.7123058745612011,0.0,0.3541851868677426,0.0746186906819415,0.2939720195189961
2022-01-28 12:30:00-08:00,2022-01-28 12:10:43.800000-08:00,Dyer,EF,0.5707847836909953,1.0,0.0,0.5695739602458058,0.10398530501618661,0.46900290818979434
2022-01-28 12:30:00-08:00,2022-01-28 12:10:43.800000-08:00,Brutsaert,zeta,-2.4988439939871028,,,,,
2022-01-28 12:30:00-08:00,2022-01-28 12:10:43.800000-08:00,Brutsaert,u_star,0.3721781941417598,,,,,
2022-01-28 12:30:00-08:00,2022-01-28 12:10:43.800000-08:00,Brutsaert,Psi_M,1.1899996855305721,,,,,
2022-01-28 12:30:00-08:00,2022-01-28 12:10:43.800000-08:00,Brutsaert,Psi_H,2.385009599524346,,,,,
2022-01-28 12:30:00-08:00,2022-01-28 12:10:43.800000-08:00,Brutsaert,r_aH,47.86546083791523,,,,,
2022-01-28 12:30:00-08:00,2022-01-28 12:10:43.800000-08:00,Brutsaert,r_bH,5.4141738748282755,10.306323660115455,1.3897124306445015,5.1331697225523945,1.4394020910377117,4.131122806173124
2022-01-28 12:30:00-08:00,2022-01-28 12:10:43.800000-08:00,Brutsaert,r_H,53.279634712743295,58.17178449803068,49.25517326855973,52.998630560467625,1.4394020910377392,43.197889645293756
2022-01-28 12:30:00-08:00,2022-01-28 12:10:43.800000-08:00,Brutsaert,L,-24.12494231805446,,,,,
2022-01-28 12:30:00-08:00,2022-01-28 12:10:43.800000-08:00,Brutsaert,H,167.87605038435146,569.99485246422,0.0,169.3433938585372,36.38881562882761,136.8447170774738
2022-01-28 12:30:00-08:00,2022-01-28 12:10:43.800000-08:00,Brutsaert,LE,256.1043590612462,485.6437683105469,0.0,254.51506069134606,48.220878869989235,210.96843427270738
2022-01-28 12:30:00-08:00,2022-01-28 12:10:43.800000-08:00,Brutsaert,ET,0.3756346757926585,0.7123058745612011,0.0,0.3733036120805696,0.07072677039610092,0.3094326847890998
2022-01-28 12:30:00-08:00,2022-01-28 12:10:43.800000-08:00,Brutsaert,EF,0.601351995133485,1.0,0.0,0.6002732511946205,0.09678658013668368,0.49382648860106554
2022-01-28 12:30:00-08:00,2022-01-28 12:10:43.800000-08:00,Bowen,zeta,,,,,,
2022-01-28 12:30:00-08:00,2022-01-28 12:10:43.800000-08:00,Bowen,u_star,,,,,,
2022-01-28 12:30:00-08:00,2022-01-28 12:10:43.800000-08:00,Bowen,Psi_M,,,,,,
2022-01-28 12:30:00-08:00,2022-01-28 12:10:43.800000-08:00,Bowen,Psi_H,,,,,,
2022-01-28 12:30:00-08:00,2022-01-28 12:10:43.800000-08:00,Bowen,r_aH,,,,,,
2022-01-28 12:30:00-08:00,2022-01-28 12:10:43.800000-08:00,Bowen,r_bH,,,,,,
2022-01-28 12:30:00-08:00,2022-01-28 12:10:43.800000-08:00,Bowen,r_H,106.31104278564453,734.6471557617188,-45.61188888549805,104.91001892089844,44.13178253173828,88.61272487057126
2022-01-28 12:30:00-08:00,2022-01-28 12:10:43.800000-08:00,Bowen,L,,,,,,
2022-01-28 12:30:00-08:00,2022-01-28 12:10:43.800000-08:00,Bowen,H,86.43971252441406,99.60107421875,46.70045471191406,87.02761840820312,34.24606704711914,73.77333187966396
2022-01-28 12:30:00-08:00,2022-01-28 12:10:43.800000-08:00,Bowen,LE,335.0327453613281,386.0426940917969,181.00576782226562,337.3093566894531,136.98426818847656,285.93723336071247
2022-01-28 12:30:00-08:00,2022-01-28 12:10:43.800000-08:00,Bowen,ET,0.491398423910141,0.5662184953689575,0.2654857039451599,0.4947400987148285,0.13424423336982727,0.4193913030971208
2022-01-28 12:30:00-08:00,2022-01-28 12:10:43.800000-08:00,Bowen,EF,0.7949151992797852,0.7949092388153076,0.7949091196060181,0.7949091792106628,0.37836915254592896,0.6747762136913973
2022-01-28 13:30:00-08:00,2022-01-28 13:18:43.300000-08:00,Neutral,zeta,0.0,,,,,
2022-01-28 13:30:00-08:00,2022-01-28 13:18:43.300000-08:00,Neutral,u_star,0.24646605671214464,,,,,
2022-01-28 13:30:00-08:00,2022-01-28 13:18:43.300000-08:00,Neutral,Psi_M,0.0,,,,,
2022-01-28 13:30:00-08:00,2022-01-28 13:18:43.300000-08:00,Neutral,Psi_H,0.0,,,,,
2022-01-28 13:30:00-08:00,2022-01-28 13:18:43.300000-08:00,Neutral,r_aH,95.84528553200747,,,,,
2022-01-28 13:30:00-08:00,2022-01-28 13:18:43.300000-08:00,Neutral,r_bH,7.06081457796301,12.616103992020463,1.4828984974579895,6.738395943583125,1.774492383092292,4.550926728471061
2022-01-28 13:30:00-08:00,2022-01-28 13:18:43.300000-08:00,Neutral,r_H,102.90610010997013,108.46138952402794,97.32818402946546,102.5836814755906,1.7744923830926398,70.98288243002476
2022-01-28 13:30:00-08:00,2022-01-28 13:18:43.300000-08:00,Neutral,L,-13.062999915434615,,,,,
2022-01-28 13:30:00-08:00,2022-01-28 13:18:43.300000-08:00,Neutral,H,78.22522695120274,274.2229070642678,0.0,78.19155102617215,18.49904734392208,51.79752094539068
2022-01-28 13:30:00-08:00,2022-01-28 13:18:43.300000-08:00,Neutral,LE,297.52101021814366,427.860107421875,0.0,297.7964824871961,29.138969792169,210.8536872117133
2022-01-28 13:30:00-08:00,2022-01-28 13:18:43.300000-08:00,Neutral,ET,0.43635969410460607,0.6275217520177294,0.0,0.43676371597509717,0.04273671945290039,0.309248917866578
2022-01-28 13:30:00-08:00,2022-01-28 13:18:43.300000-08:00,Neutral,EF,0.7902795760635108,1.0,0.0,0.7919164125431877,0.055369941245941155,0.5555994038220782
2022-01-28 13:30:00-08:00,2022-01-28 13:18:43.300000-08:00,Dyer,zeta,-3.1747683914415172,,,,,
2022-01-28 13:30:00-08:00,2022-01-28 13:18:43.300000-08:00,Dyer,u_star,0.32399522150552706,,,,,
2022-01-28 13:30:00-08:00,2022-01-28 13:18:43.300000-08:00,Dyer,Psi_M,1.7744317465987995,,,,,
2022-01-28 13:30:00-08:00,2022-01-28 13:18:43.300000-08:00,Dyer,Psi_H,2.8212333809107824,,,,,
2022-01-28 13:30:00-08:00,2022-01-28 13:18:43.300000-08:00,Dyer,r_aH,51.684097571015684,,,,,
2022-01-28 13:30:00-08:00,2022-01-28 13:18:43.300000-08:00,Dyer,r_bH,6.1997527909311545,11.077578241372155,1.3020599814327722,5.916652901212527,1.5580941806480852,3.9959441470422052
2022-01-28 13:30:00-08:00,2022-01-28 13:18:43.300000-08:00,Dyer,r_H,57.88385036194685,62.761675812387836,52.986157552448454,57.60075047222821,1.5580941806480586,39.81904865608856
2022-01-28 13:30:00-08:00,2022-01-28 13:18:43.300000-08:00,Dyer,L,-18.99161088135782,,,,,
2022-01-28 13:30:00-08:00,2022-01-28 13:18:43.300000-08:00,Dyer,H,139.00336464127378,481.4029445225577,0.0,138.95678895394568,32.50429395987936,92.29424320033925
2022-01-28 13:30:00-08:00,2022-01-28 13:18:43.300000-08:00,Dyer,LE,236.74601611356647,427.860107421875,0.0,236.82699080349894,42.76183854063667,170.36537009574127
2022-01-28 13:30:00-08:00,2022-01-28 13:18:43.300000-08:00,Dyer,ET,0.34722394595277783,0.6275217520177294,0.0,0.34734270761906566,0.06271672300139253,0.24986665891759804
2022-01-28 13:30:00-08:00,2022-01-28 13:18:43.300000-08:00,Dyer,EF,0.6274276717860063,1.0,0.0,0.6300777509292459,0.09703089224952502,0.4481562084686126
2022-01-28 13:30:00-08:00,2022-01-28 13:18:43.300000-08:00,Brutsaert,zeta,-3.891250309112523,,,,,
2022-01-28 13:30:00-08:00,2022-01-28 13:18:43.300000-08:00,Brutsaert,u_star,0.29470471718917335,,,,,
2022-01-28 13:30:00-08:00,2022-01-28 13:18:43.300000-08:00,Brutsaert,Psi_M,1.2154380508366593,,,,,
2022-01-28 13:30:00-08:00,2022-01-28 13:18:43.300000-08:00,Brutsaert,Psi_H,2.7525271119383525,,,,,
2022-01-28 13:30:00-08:00,2022-01-28 13:18:43.300000-08:00,Brutsaert,r_aH,57.422234431571525,,,,,
2022-01-28 13:30:00-08:00,2022-01-28 13:18:43.300000-08:00,Brutsaert,r_bH,6.495540589087735,11.606085197603672,1.3641807575287452,6.198934113564485,1.6324302489653706,4.186589090585645
2022-01-28 13:30:00-08:00,2022-01-28 13:18:43.300000-08:00,Brutsaert,r_H,63.91777502065908,69.0283196291752,58.78641518910027,63.62116854513601,1.6324302489654667,43.986891347168566
2022-01-28 13:30:00-08:00,2022-01-28 13:18:43.300000-08:00,Brutsaert,L,-15.496295874859538,,,,,
2022-01-28 13:30:00-08:00,2022-01-28 13:18:43.300000-08:00,Brutsaert,H,125.88833558319988,436.2867199939942,0.0,125.84616270327038,29.481962514461056,83.55388685508116
2022-01-28 13:30:00-08:00,2022-01-28 13:18:43.300000-08:00,Brutsaert,LE,249.85961392451776,427.860107421875,0.0,249.97339401710298,39.80678270096874,179.10284800505605
2022-01-28 13:30:00-08:00,2022-01-28 13:18:43.300000-08:00,Brutsaert,ET,0.36645702641725375,0.6275217520177294,0.0,0.3666239021829656,0.058382685343617284,0.26268149570831356
2022-01-28 13:30:00-08:00,2022-01-28 13:18:43.300000-08:00,Brutsaert,EF,0.6625657022063918,1.0,0.0,0.66499245488437,0.08805804546810539,0.4713416939541718
2022-01-28 13:30:00-08:00,2022-01-28 13:18:43.300000-08:00,Bowen,zeta,,,,,,
2022-01-28 13:30:00-08:00,2022-01-28 13:18:43.300000-08:00,Bowen,u_star,,,,,,
2022-01-28 13:30:00-08:00,2022-01-28 13:18:43.300000-08:00,Bowen,Psi_M,,,,,,
2022-01-28 13:30:00-08:00,2022-01-28 13:18:43.300000-08:00,Bowen,Psi_H,,,,,,
2022-01-28 13:30:00-08:00,2022-01-28 13:18:43.300000-08:00,Bowen,r_aH,,,,,,
2022-01-28 13:30:00-08:00,2022-01-28 13:18:43.300000-08:00,Bowen,r_bH,,,,,,
2022-01-28 13:30:00-08:00,2022-01-28 13:18:43.300000-08:00,Bowen,r_H,136.8801727294922,903.4611206054688,-52.903892517089844,133.23033142089844,70.29766845703125,96.67118188424337
2022-01-28 13:30:00-08:00,2022-01-28 13:18:43.300000-08:00,Bowen,L,,,,,,
2022-01-28 13:30:00-08:00,2022-01-28 13:18:43.300000-08:00,Bowen,H,60.84697723388672,69.77925872802734,33.9013557434082,61.291194915771484,22.517414093017578,45.33620312387952
2022-01-28 13:30:00-08:00,2022-01-28 13:18:43.300000-08:00,Bowen,LE,312.2425842285156,358.0808410644531,173.96896362304688,314.5232849121094,127.3424072265625,232.64828926234492
2022-01-28 13:30:00-08:00,2022-01-28 13:18:43.300000-08:00,Bowen,ET,0.4579524099826813,0.5251798629760742,0.2551518678665161,0.46129611134529114,0.23167386651039124,0.34121400925611417
2022-01-28 13:30:00-08:00,2022-01-28 13:18:43.300000-08:00,Bowen,EF,0.8369098901748657,0.8369110822677612,0.8369109630584717,0.8369110226631165,0.35173702239990234,0.6195919311962583
2022-01-28 14:30:00-08:00,2022-01-28 14:04:06.400000-08:00,Neutral,zeta,0.0,,,,,
2022-01-28 14:30:00-08:00,2022-01-28 14:04:06.400000-08:00,Neutral,u_star,0.21428204757444672,,,,,
2022-01-28 14:30:00-08:00,2022-01-28 14:04:06.400000-08:00,Neutral,Psi_M,0.0,,,,,
2022-01-28 14:30:00-08:00,2022-01-28 14:04:06.400000-08:00,Neutral,Psi_H,0.0,,,,,
2022-01-28 14:30:00-08:00,2022-01-28 14:04:06.400000-08:00,Neutral,r_aH,110.23860550526074,,,,,
2022-01-28 14:30:00-08:00,2022-01-28 14:04:06.400000-08:00,Neutral,r_bH,8.514969451829034,13.530405917238772,1.8572063478281744,8.248716881913314,1.8991852430645795,7.4433544662252755
2022-01-28 14:30:00-08:00,2022-01-28 14:04:06.400000-08:00,Neutral,r_H,118.75357495708917,123.7690114224995,112.0958118530889,118.48732238717405,1.8991852430646503,104.60659399680067
2022-01-28 14:30:00-08:00,2022-01-28 14:04:06.400000-08:00,Neutral,L,-11.222389591214542,,,,,
2022-01-28 14:30:00-08:00,2022-01-28 14:04:06.400000-08:00,Neutral,H,58.290303210953496,192.81650160012333,0.0,57.81266424123063,14.224699524714566,47.96622160313943
2022-01-28 14:30:00-08:00,2022-01-28 14:04:06.400000-08:00,Neutral,LE,247.9284777466604,347.39703369140625,32.77106655252436,248.71868206455775,22.924449940656903,223.82730978191947
2022-01-28 14:30:00-08:00,2022-01-28 14:04:06.400000-08:00,Neutral,ET,0.3636881146479685,0.5095992738140623,0.04807211949919375,0.3648472711965608,0.033628044886313296,0.32833393340353934
2022-01-28 14:30:00-08:00,2022-01-28 14:04:06.400000-08:00,Neutral,EF,0.8081867542787741,1.0,0.14849931900756058,0.8113283348392503,0.05227799293770584,0.7249110383629607
2022-01-28 14:30:00-08:00,2022-01-28 14:04:06.400000-08:00,Dyer,zeta,-3.585076752605578,,,,,
2022-01-28 14:30:00-08:00,2022-01-28 14:04:06.400000-08:00,Dyer,u_star,0.2855491086584703,,,,,
2022-01-28 14:30:00-08:00,2022-01-28 14:04:06.400000-08:00,Dyer,Psi_M,1.8513390820242486,,,,,
2022-01-28 14:30:00-08:00,2022-01-28 14:04:06.400000-08:00,Dyer,Psi_H,2.92638396653676,,,,,
2022-01-28 14:30:00-08:00,2022-01-28 14:04:06.400000-08:00,Dyer,r_aH,57.74480571965521,,,,,
2022-01-28 14:30:00-08:00,2022-01-28 14:04:06.400000-08:00,Dyer,r_bH,7.4320802179088306,11.809679732460673,1.6210165680986233,7.199688255843386,1.657656807223494,6.496747615628094
2022-01-28 14:30:00-08:00,2022-01-28 14:04:06.400000-08:00,Dyer,r_H,65.17688593756418,69.55448545211588,59.365822287753836,64.9444939754986,1.657656807223472,57.39246027517957
2022-01-28 14:30:00-08:00,2022-01-28 14:04:06.400000-08:00,Dyer,L,-16.814626826185524,,,,,
2022-01-28 14:30:00-08:00,2022-01-28 14:04:06.400000-08:00,Dyer,H,106.15491657945874,357.0291651328796,0.0,105.30049646676758,25.64137990824753,87.38452725834198
2022-01-28 14:30:00-08:00,2022-01-28 14:04:06.400000-08:00,Dyer,LE,200.06502527484741,347.39703369140625,0.0,201.1229437488879,34.10957948639909,184.40900567382107
2022-01-28 14:30:00-08:00,2022-01-28 14:04:06.400000-08:00,Dyer,ET,0.2934768628053965,0.5095992738140623,0.0,0.2950287312263691,0.0500355940051442,0.27051093205254734
2022-01-28 14:30:00-08:00,2022-01-28 14:04:06.400000-08:00,Dyer,EF,0.650751786913874,1.0,0.0,0.6563317953725416,0.09410252738721249,0.5963653529778995
2022-01-28 14:30:00-08:00,2022-01-28 14:04:06.400000-08:00,Brutsaert,zeta,-4.5376234639938255,,,,,
2022-01-28 14:30:00-08:00,2022-01-28 14:04:06.400000-08:00,Brutsaert,u_star,0.25648308085517896,,,,,
2022-01-28 14:30:00-08:00,2022-01-28 14:04:06.400000-08:00,Brutsaert,Psi_M,1.2228433737220126,,,,,
2022-01-28 14:30:00-08:00,2022-01-28 14:04:06.400000-08:00,Brutsaert,Psi_H,2.8833447754144115,,,,,
2022-01-28 14:30:00-08:00,2022-01-28 14:04:06.400000-08:00,Brutsaert,r_aH,64.74030982695956,,,,,
2022-01-28 14:30:00-08:00,2022-01-28 14:04:06.400000-08:00,Brutsaert,r_bH,7.836733250666002,12.45267907847362,1.7092757433494656,7.591688288433584,1.7479109264793302,6.850474775271366
2022-01-28 14:30:00-08:00,2022-01-28 14:04:06.400000-08:00,Brutsaert,r_H,72.57704307762573,77.19298890543318,66.44958557030903,72.33199811539315,1.7479109264798616,63.91195702252594
2022-01-28 14:30:00-08:00,2022-01-28 14:04:06.400000-08:00,Brutsaert,L,-13.286479431508361,,,,,
2022-01-28 14:30:00-08:00,2022-01-28 14:04:06.400000-08:00,Brutsaert,H,95.33661824060547,319.85299666876494,0.0,94.56826109501355,23.060060351030366,78.47518764546095
2022-01-28 14:30:00-08:00,2022-01-28 14:04:06.400000-08:00,Brutsaert,LE,210.88254614668622,347.39703369140625,0.0,211.880626872457,31.570692615297258,193.31834373959794
2022-01-28 14:30:00-08:00,2022-01-28 14:04:06.400000-08:00,Brutsaert,ET,0.3093451640461416,0.5095992738140623,0.0,0.3108092560323533,0.0463112821074185,0.2835801058455423
2022-01-28 14:30:00-08:00,2022-01-28 14:04:06.400000-08:00,Brutsaert,EF,0.6863327382200995,1.0,0.0,0.6913638835000622,0.08466239667063338,0.6254190969903658
2022-01-28 14:30:00-08:00,2022-01-28 14:04:06.400000-08:00,Bowen,zeta,,,,,,
2022-01-28 14:30:00-08:00,2022-01-28 14:04:06.400000-08:00,Bowen,u_star,,,,,,
2022-01-28 14:30:00-08:00,2022-01-28 14:04:06.400000-08:00,Bowen,Psi_M,,,,,,
2022-01-28 14:30:00-08:00,2022-01-28 14:04:06.400000-08:00,Bowen,Psi_H,,,,,,
2022-01-28 14:30:00-08:00,2022-01-28 14:04:06.400000-08:00,Bowen,r_aH,,,,,,
2022-01-28 14:30:00-08:00,2022-01-28 14:04:06.400000-08:00,Bowen,r_bH,,,,,,
2022-01-28 14:30:00-08:00,2022-01-28 14:04:06.400000-08:00,Bowen,r_H,136.3717041015625,1090.4154052734375,-36.55949020385742,131.7022705078125,57.567787170410156,118.93893040559188
2022-01-28 14:30:00-08:00,2022-01-28 14:04:06.400000-08:00,Bowen,L,,,,,,
2022-01-28 14:30:00-08:00,2022-01-28 14:04:06.400000-08:00,Bowen,H,52.77708053588867,60.425621032714844,26.571487426757812,53.189491271972656,26.619352340698242,50.70589335219028
2022-01-28 14:30:00-08:00,2022-01-28 14:04:06.400000-08:00,Bowen,LE,250.64712524414062,286.9714050292969,126.19244384765625,252.60580444335938,55.30951690673828,240.81078102706132
2022-01-28 14:30:00-08:00,2022-01-28 14:04:06.400000-08:00,Bowen,ET,0.3676769435405731,0.4209604561328888,0.1851126104593277,0.3705492913722992,0.14705254137516022,0.35324710107733687
2022-01-28 14:30:00-08:00,2022-01-28 14:04:06.400000-08:00,Bowen,EF,0.8260555267333984,0.8260618448257446,0.8260617256164551,0.8260617852210999,0.29410508275032043,0.7858581695000881
2022-01-28 15:30:00-08:00,2022-01-28 15:04:53.800000-08:00,Neutral,zeta,0.0,,,,,
2022-01-28 15:30:00-08:00,2022-01-28 15:04:53.800000-08:00,Neutral,u_star,0.28580317456342136,,,,,
2022-01-28 15:30:00-08:00,2022-01-28 15:04:53.800000-08:00,Neutral,Psi_M,0.0,,,,,
2022-01-28 15:30:00-08:00,2022-01-28 15:04:53.800000-08:00,Neutral,Psi_H,0.0,,,,,
2022-01-28 15:30:00-08:00,2022-01-28 15:04:53.800000-08:00,Neutral,r_aH,82.6513822474497,,,,,
2022-01-28 15:30:00-08:00,2022-01-28 15:04:53.800000-08:00,Neutral,r_bH,9.0020887447073,11.715756330540032,2.082763141421502,9.002769481058168,1.4579554600947449,5.156728314554564
2022-01-28 15:30:00-08:00,2022-01-28 15:04:53.800000-08:00,Neutral,r_H,91.65347099215708,94.36713857798973,84.73414538887121,91.65415172850787,1.457955460094746,55.9330611477367
2022-01-28 15:30:00-08:00,2022-01-28 15:04:53.800000-08:00,Neutral,L,-55.45156874106742,,,,,
2022-01-28 15:30:00-08:00,2022-01-28 15:04:53.800000-08:00,Neutral,H,23.715468862675532,156.39378451858184,0.0,23.247237723470796,13.092754671425268,11.225531075216074
2022-01-28 15:30:00-08:00,2022-01-28 15:04:53.800000-08:00,Neutral,LE,176.5339441966664,225.254638671875,0.0,177.1434519362773,18.341099682407872,113.37724581833533
2022-01-28 15:30:00-08:00,2022-01-28 15:04:53.800000-08:00,Neutral,ET,0.25900258157024814,0.3304833707317735,0.0,0.25989682363097294,0.02690922807054609,0.16634194342567693
2022-01-28 15:30:00-08:00,2022-01-28 15:04:53.800000-08:00,Neutral,EF,0.8797677103525169,1.0,0.0,0.8839799988717996,0.06941718760895009,0.5579314467271815
2022-01-28 15:30:00-08:00,2022-01-28 15:04:53.800000-08:00,Dyer,zeta,-0.8478662967047249,,,,,
2022-01-28 15:30:00-08:00,2022-01-28 15:04:53.800000-08:00,Dyer,u_star,0.3322466617444765,,,,,
2022-01-28 15:30:00-08:00,2022-01-28 15:04:53.800000-08:00,Dyer,Psi_M,1.0340680602752432,,,,,
2022-01-28 15:30:00-08:00,2022-01-28 15:04:53.800000-08:00,Dyer,Psi_H,1.7578109396043176,,,,,
2022-01-28 15:30:00-08:00,2022-01-28 15:04:53.800000-08:00,Dyer,r_aH,58.19686011074621,,,,,
2022-01-28 15:30:00-08:00,2022-01-28 15:04:53.800000-08:00,Dyer,r_bH,8.364518291884574,10.88599111930337,1.9352520162974203,8.365150815271113,1.3546961666961543,4.7915044537558815
2022-01-28 15:30:00-08:00,2022-01-28 15:04:53.800000-08:00,Dyer,r_H,66.56137840263096,69.08285123004958,60.13211212704363,66.56201092601732,1.3546961666959898,40.544362524324576
2022-01-28 15:30:00-08:00,2022-01-28 15:04:53.800000-08:00,Dyer,L,-71.09767021302964,,,,,
2022-01-28 15:30:00-08:00,2022-01-28 15:04:53.800000-08:00,Dyer,H,32.644026248019834,215.81210329787947,0.0,32.01430571061462,18.005538072572783,15.481907070946182
2022-01-28 15:30:00-08:00,2022-01-28 15:04:53.800000-08:00,Dyer,LE,167.60556122039145,225.254638671875,0.0,168.38418960347386,23.234075313202442,109.12960614307096
2022-01-28 15:30:00-08:00,2022-01-28 15:04:53.800000-08:00,Dyer,ET,0.2459032637556144,0.3304833707317735,0.0,0.24704563193993057,0.03408797958886407,0.16010999949851876
2022-01-28 15:30:00-08:00,2022-01-28 15:04:53.800000-08:00,Dyer,EF,0.8345097494805411,1.0,0.0,0.8402364032284494,0.09544158137429318,0.5366006164309791
2022-01-28 15:30:00-08:00,2022-01-28 15:04:53.800000-08:00,Brutsaert,zeta,-0.8645608310682528,,,,,
2022-01-28 15:30:00-08:00,2022-01-28 15:04:53.800000-08:00,Brutsaert,u_star,0.32775886080189925,,,,,
2022-01-28 15:30:00-08:00,2022-01-28 15:04:53.800000-08:00,Brutsaert,Psi_M,0.9465983147973152,,,,,
2022-01-28 15:30:00-08:00,2022-01-28 15:04:53.800000-08:00,Brutsaert,Psi_H,1.5834127533974183,,,,,
2022-01-28 15:30:00-08:00,2022-01-28 15:04:53.800000-08:00,Brutsaert,r_aH,60.30110239569592,,,,,
2022-01-28 15:30:00-08:00,2022-01-28 15:04:53.800000-08:00,Brutsaert,r_bH,8.417670845741535,10.955166439275722,1.9475496266837753,8.418307388514796,1.3633046195024494,4.821952196189711
2022-01-28 15:30:00-08:00,2022-01-28 15:04:53.800000-08:00,Brutsaert,r_H,68.71877324143743,71.25626883497165,62.248652022379694,68.71940978421071,1.363304619502321,41.8675376684899
2022-01-28 15:30:00-08:00,2022-01-28 15:04:53.800000-08:00,Brutsaert,L,-69.72512643707798,,,,,
2022-01-28 15:30:00-08:00,2022-01-28 15:04:53.800000-08:00,Brutsaert,H,31.62042113572478,208.9850268915829,0.0,31.00829668612198,17.44272039767088,14.993076073168256
2022-01-28 15:30:00-08:00,2022-01-28 15:04:53.800000-08:00,Brutsaert,LE,168.62911857314538,225.254638671875,0.0,169.3875673940077,22.67355847706295,109.61735510752366
2022-01-28 15:30:00-08:00,2022-01-28 15:04:53.800000-08:00,Brutsaert,ET,0.24740498059514263,0.3304833707317735,0.0,0.24851774224268913,0.03326561475566309,0.1608256026168105
2022-01-28 15:30:00-08:00,2022-01-28 15:04:53.800000-08:00,Brutsaert,EF,0.8396979339477041,1.0,0.0,0.8452530366773577,0.09246200344360263,0.5390498241751608
2022-01-28 15:30:00-08:00,2022-01-28 15:04:53.800000-08:00,Bowen,zeta,,,,,,
2022-01-28 15:30:00-08:00,2022-01-28 15:04:53.800000-08:00,Bowen,u_star,,,,,,
2022-01-28 15:30:00-08:00,2022-01-28 15:04:53.800000-08:00,Bowen,Psi_M,,,,,,
2022-01-28 15:30:00-08:00,2022-01-28 15:04:53.800000-08:00,Bowen,Psi_H,,,,,,
2022-01-28 15:30:00-08:00,2022-01-28 15:04:53.800000-08:00,Bowen,r_aH,,,,,,
2022-01-28 15:30:00-08:00,2022-01-28 15:04:53.800000-08:00,Bowen,r_bH,,,,,,
2022-01-28 15:30:00-08:00,2022-01-28 15:04:53.800000-08:00,Bowen,r_H,76.97017669677734,1532.85888671875,-111.78695678710938,71.7310562133789,52.77699279785156,47.317862041544586
2022-01-28 15:30:00-08:00,2022-01-28 15:04:53.800000-08:00,Bowen,L,,,,,,
2022-01-28 15:30:00-08:00,2022-01-28 15:04:53.800000-08:00,Bowen,H,31.99506378173828,36.62465286254883,13.59096908569336,32.25910949707031,8.81716251373291,25.62372924276964
2022-01-28 15:30:00-08:00,2022-01-28 15:04:53.800000-08:00,Bowen,LE,164.78636169433594,188.62998962402344,69.99832153320312,166.14588928222656,68.97068786621094,131.9713218314878
2022-01-28 15:30:00-08:00,2022-01-28 15:04:53.800000-08:00,Bowen,ET,0.24176724255084991,0.2767493426799774,0.10269834846258163,0.24376170337200165,0.06739501655101776,0.19362232351934866
2022-01-28 15:30:00-08:00,2022-01-28 15:04:53.800000-08:00,Bowen,EF,0.8374080061912537,0.8374078273773193,0.8374077081680298,0.8374077677726746,0.38101282715797424,0.6602747262826963
