FlightDateTime,date_time,DATAH,filename,DOY,daytime,file_records,used_records,tau,qc_Tau,rand_err_Tau,H,qc_H,rand_err_H,LE,qc_LE,rand_err_LE,co2_flux,qc_co2_flux,rand_err_co2_flux,h2o_flux,qc_h2o_flux,rand_err_h2o_flux,ch4_flux,qc_ch4_flux,rand_err_ch4_flux,none_flux,qc_none_flux,rand_err_none_flux,H_strg,LE_strg,co2_strg,h2o_strg,ch4_strg,none_strg,co2_v-adv,h2o_v-adv,ch4_v-adv,none_v-adv,co2_molar_density,co2_mole_fraction,co2_mixing_ratio,co2_time_lag,co2_def_timelag,h2o_molar_density,h2o_mole_fraction,h2o_mixing_ratio,h2o_time_lag,h2o_def_timelag,ch4_molar_density,ch4_mole_fraction,ch4_mixing_ratio,ch4_time_lag,ch4_def_timelag,none_molar_density,none_mole_fraction,none_mixing_ratio,none_time_lag,none_def_timelag,sonic_temperature,air_temperature,air_pressure,rho_a,c_p,air_molar_volume,ET,water_vapor_density,e,es,specific_humidity,RH,VPD,Tdew,u_unrot,v_unrot,w_unrot,u_rot,v_rot,w_rot,u,max_wind_speed,wind_dir,yaw,pitch,roll,ustar,TKE,L,zeta,beta,T*,model,x_peak,x_offset,x_10%,x_30%,x_50%,x_70%,x_90%,un_Tau,Tau_scf,un_H,H_scf,un_LE,LE_scf,un_co2_flux,co2_scf,un_h2o_flux,h2o_scf,un_ch4_flux,ch4_scf,un_none_flux,un_none_scf,spikes_hf,amplitude_resolution_hf,drop_out_hf,absolute_limits_hf,skewness_kurtosis_hf,skewness_kurtosis_sf,discontinuities_hf,discontinuities_sf,timelag_hf,timelag_sf,attack_angle_hf,non_steady_wind_hf,u_spikes,v_spikes,w_spikes,ts_spikes,co2_spikes,h2o_spikes,ch4_spikes,none_spikes,head_detect_LI-7200,t_out_LI-7200,t_in_LI-7200,aux_in_LI-7200,delta_p_LI-7200,chopper_LI-7200,detector_LI-7200,pll_LI-7200,sync_LI-7200,chopper_LI-7500,detector_LI-7500,pll_LI-7500,sync_LI-7500,not_ready_LI-7700,no_signal_LI-7700,re_unlocked_LI-7700,bad_temp_LI-7700,laser_temp_unregulated_LI-7700,block_temp_unregulated_LI-7700,motor_spinning_LI-7700,pump_on_LI-7700,top_heater_on_LI-7700,bottom_heater_on_LI-7700,calibrating_LI-7700,motor_failure_LI-7700,bad_aux_tc1_LI-7700,bad_aux_tc2_LI-7700,bad_aux_tc3_LI-7700,box_connected_LI-7700,mean_value_RSSI_LI-7200,mean_value_LI-7500,u_var,v_var,w_var,ts_var,co2_var,h2o_var,ch4_var,none_var,w/ts_cov,w/co2_cov,w/h2o_cov,w/ch4_cov,w/none_cov,vin_sf_mean,co2_mean,h2o_mean,dew_point_mean,co2_signal_strength_7500_mean,ALB_1_1_1,LOGGERPOWER_1_1_1,LOGGERTEMP_1_1_1,VIN_1_1_1,LW_IN,LW_OUT,PPFD_1_1_1,P_RAIN_1_1_1,h_r,R_n,SHFHEATER_1_1_1,SHFSENS_1_1_1,SHFSENS_2_1_1,SHFSENS_3_1_1,SHF_1_1_1,SHF_2_1_1,SHF_3_1_1,SWC_1_1_1,SWC_2_1_1,SWC_3_1_1,SW_IN,SW_OUT,T_a,TCNR4_1_1_1,TS_1_1_1,TS_2_1_1,TS_3_1_1,VERSION_1_1_1,CHK,_0_0_1,RECORD,DOYMET,BattV_Min,PanelTemp_C,TTmV_1,IRT1_SBT_C,IRT1_TT_C,IRT1_SBT_C_Avg,IRT1_SBT_C_Std,IRT1_TT_C_Avg,IRT1_TT_C_Std,TTmV_2,IRT2_SBT_C,IRT2_TT_C,IRT2_SBT_C_Avg,IRT2_SBT_C_Std,IRT2_TT_C_Avg,IRT2_TT_C_Std,TTmV_3,IRT3_SBT_C,IRT3_TT_C,IRT3_SBT_C_Avg,IRT3_SBT_C_Std,IRT3_TT_C_Avg,IRT3_TT_C_Std,p_a,e_a,T_c,G,P,Q_av,EBR,SW_IN_raw,R_n_raw,T_s_IRT,T_s_CNR4,r_H_IRT,r_H_CNR4,r_aH_brut,FLAG,H_corr_bowen,LE_corr_bowen,H_corr_H,LE_corr_H,H_corr_LE,LE_corr_LE,DayFrac,DayFrac_DST,Soil,T_a_HMP
2021-03-01 13:00:00-08:00,2021-03-01 13:00:00,DATA,2021-03-01T123000_smart3-00269.ghg,60.5415,1,18000,18000,-0.300191,0,,202.206,0,,152.922,0.0,,-9.69796,0.0,,3.45135,0.0,,,,,,,,,,,,,,-1.97452e-10,-1.522e-12,,,17.2292,416.76,418.103,0.0,0,132.806,3.21246,3.22281,0.0,0,,,,,9,,,,,9,291.547,290.584,99876.1,1.19597,1007.21,0.0241891,0.223647,0.00239316,320.934,1985.62,0.00200103,16.1629,1664.68,264.6,3.35715,-0.0275998,0.0479183,3.3576,5.43151e-14,-1.14603e-14,3.3576,8.67275,180.604,359.529,0.817729,,0.501002,2.74501,-54.1423,-0.0678305,1.32228,-0.335054,0,53.2903,-8.08701,18.2928,45.5518,69.4693,97.4317,145.97,-0.296794,1.01145,206.342,1.0224,137.175,1.08644,-19.4116,1.08644,3.09594,1.08644,,,,,800000099,800000099,800000099,800000099,800000099,800001099,899999999,899999999,89999,89999,89,89,8,0,1,12,21,22,,,,,,,,,,,,0,0,0,0,,,,,,,,,,,,,,,,,,87.0,1.73276,3.38997,0.367297,0.524425,0.00692978,204.815,,,0.171296,-0.0194116,3.09594,,,11.9664,416.761,3.21242,-8.67214,88.7661,0.162238,1,20.6133,11.971,281.173,460.803,1574.08,0.0,18.3313,533.35,0.0,68.639,66.3967,53.6694,89.6762,95.5401,76.3632,0.191658,0.24925,,851.053,138.072,290.822,20.6321,291.967,286.73,,3,140,,,,,,,,,,,,,,,,,,,,,,,,,,,99.87610000000001,0.32093400000000005,,87.19316666666667,0.0,446.15683333333334,91.02883333333332,851.053,533.35,,300.7206698727531,,58.989783224015476,51.018010546975184,0.0,254.03682233166631,192.12001100166702,293.2348333333333,152.922,202.206,243.95083333333335,13.0,13.0,wet,290.822
2021-03-05 10:30:00-08:00,2021-03-05 10:30:00,DATA,2021-03-05T100000_smart3-00269.ghg,64.4374,1,18000,18000,-0.103004,0,,166.715,0,,134.928,0.0,,-13.4511,0.0,,3.03808,0.0,,,,,,,,,,,,,,1.94827e-11,4.3122e-13,,,17.3862,416.676,420.554,-0.1,0,384.817,9.22246,9.3083,-0.1,0,,,,,9,,,,,9,289.45,288.141,99959.2,1.20436,1010.43,0.0239659,0.196868,0.0069344,922.117,1699.18,0.00575773,54.2685,777.059,278.953,-1.28071,1.23508,-0.115574,1.78297,-5.61791e-14,1.12058e-15,1.78297,4.53457,42.531,136.039,-3.71657,,0.292447,0.792623,-13.0809,-0.280752,1.23558,-0.468447,0,48.0096,-7.28565,16.4802,41.0379,62.5854,87.7769,131.506,-0.101827,1.01156,171.563,1.01674,117.142,1.07184,-21.443,1.07184,2.63761,1.07184,,,,,800000099,800000099,800000099,800000099,800000099,800001199,899999999,899999999,89999,89999,89,89,10,7,0,25,33,26,,,,,,,,,,,,0,0,0,0,,,,,,,,,,,,,,,,,,87.0,0.54109,0.8817,0.162456,0.582347,0.0126818,186.241,,,0.14098,-0.021443,2.63761,,,11.97,416.674,9.22254,5.72889,89.1484,0.168746,1,17.2167,11.9606,292.721,436.526,1384.35,0.0,56.9681,456.011,0.0,79.0035,70.6087,70.8221,42.9973,69.6315,27.687,0.177683,0.245892,,721.539,121.723,288.081,17.9761,286.477,286.433,,3,127,,,,,,,,,,,,,,,,,,,,,,,,,,,99.9592,0.922117,,46.771933333333344,0.0,409.2390666666667,107.5960666666667,721.539,456.011,,296.63280244909646,,62.43040103019294,81.78927654008012,0.0,226.18224523470903,183.05682143195764,274.3110666666667,134.928,166.715,242.5240666666667,10.5,10.5,wet,288.081
2021-03-05 12:00:00-08:00,2021-03-05 12:00:00,DATA,2021-03-05T113000_smart3-00269.ghg,64.4999,1,18000,18000,-0.202849,0,,200.74,0,,199.614,0.0,,-12.362,0.0,,4.50381,0.0,,,,,,,,,,,,,,-1.9038e-10,-4.30694e-12,,,17.2145,415.885,419.836,0.0,0,389.441,9.4085,9.49787,0.0,0,,,,,9,,,,,9,291.936,290.271,99893.0,1.19465,1010.58,0.024159,0.291847,0.00701772,940.096,1946.72,0.00587429,48.2912,1006.63,279.232,-3.37049,1.53842,-0.215037,3.71122,4.692e-15,-1.10593e-14,3.71122,7.17176,25.2611,155.466,-3.32172,,0.412065,1.03601,-30.3781,-0.120893,1.00564,-0.403511,0,48.699,-7.39025,16.7168,41.6271,63.484,89.0372,133.394,-0.20047,1.01187,207.191,1.02403,172.288,1.09032,-22.1002,1.09032,3.88726,1.09032,,,,,800000099,800000099,800000099,800000099,800000099,800000099,899999999,899999999,89999,89999,89,89,9,5,0,12,19,7,,,,,,,,,,,,0,0,0,0,,,,,,,,,,,,,,,,,,87.0,0.902875,0.857898,0.311238,0.552019,0.00925495,300.949,,,0.171616,-0.0221002,3.88726,,,11.97,415.886,9.40858,6.00291,89.1346,0.155243,1,19.96,11.9604,302.7,457.872,1586.25,0.0,50.6401,546.208,0.0,79.0035,70.6087,70.8221,75.5964,100.818,55.901,0.181458,0.245758,,830.305,128.925,290.359,20.4924,290.142,286.437,,3,218,,,,,,,,,,,,,,,,,,,,,,,,,,,99.893,0.940096,,77.43846666666667,0.0,468.7695333333333,68.41553333333331,830.305,546.208,,300.21592700962293,,59.2995935567523,43.91564979356026,0.0,235.04397638423328,233.72555694910002,269.1555333333333,199.614,200.74,268.0295333333333,12.0,12.0,wet,290.359
2021-03-12 09:30:00-08:00,2021-03-12 09:30:00,DATA,2021-03-12T090000_smart3-00269.ghg,71.3957,1,18000,18000,-0.0961233,0,,97.7593,0,,128.884,0.0,,-8.32779,0.0,,2.88793,0.0,,,,,,,,,,,,,,7.1583e-11,1.30961e-12,,,17.7554,417.97,421.191,0.0,0,324.833,7.64675,7.70567,0.0,0,,,,,9,,,,,9,284.932,283.072,99975.0,1.22686,1009.46,0.0235405,0.187138,0.00585349,764.688,1217.94,0.00477113,62.7856,453.248,276.279,-2.23171,1.41099,-0.183594,2.64672,7.97198e-14,4.03163e-15,2.64672,5.87379,33.4397,147.697,-3.97761,,0.279909,0.959515,-19.5548,-0.187805,0.758504,-0.282005,0,45.7502,-6.94278,15.7046,39.1066,59.6401,83.646,125.317,-0.0950823,1.01095,102.948,1.0194,114.776,1.07911,-13.4242,1.07911,2.57181,1.07911,,,,,800000099,800000099,800000099,800000099,800000099,800001099,899999999,899999999,89999,89999,89,89,13,3,0,19,29,18,,,,,,,,,,,,0,0,0,0,,,,,,,,,,,,,,,,,,87.0,0.909508,0.841639,0.167885,0.308304,0.00626854,292.404,,,0.0831249,-0.0134242,2.57181,,,11.9618,417.971,7.64679,3.04755,89.1557,0.177367,1,12.4267,11.9581,279.618,388.757,1188.96,0.0,64.6709,397.299,0.0,66.228,58.4186,66.8903,25.4848,59.0439,7.45423,0.215225,0.243,,615.952,109.513,283.138,12.6749,281.764,284.45,,3,190,0.0,,,,,,,,,,,,,,,,,,,,,,,,,,99.975,0.764688,,30.660976666666667,0.0,366.6380233333333,139.99472333333333,615.952,397.299,,288.07852935268653,,62.59368451855724,58.46834876834529,0.0,158.14399329011857,208.49403004321474,237.75402333333332,128.884,97.7593,268.8787233333333,9.5,9.5,wet,283.138
2021-03-12 11:00:00-08:00,2021-03-12 11:00:00,DATA,2021-03-12T103000_smart3-00269.ghg,71.4582,1,18000,18000,-0.332925,1,,200.188,0,,235.419,0.0,,-17.2879,0.0,,5.28583,0.0,,,,,,,,,,,,,,6.27965e-11,1.17296e-12,,,17.5284,415.764,419.018,0.0,0,327.409,7.76595,7.82674,0.0,0,,,,,9,,,,,9,286.786,285.203,99967.7,1.21755,1009.57,0.0237194,0.342522,0.00589991,776.553,1403.19,0.00484573,55.3419,626.639,276.497,-2.0006,1.17001,-0.103258,2.31991,1.3901e-13,3.58255e-15,2.31991,8.04129,29.5295,149.68,-2.55105,,0.522914,2.67949,-62.261,-0.0589856,0.85035,-0.311448,0,65.8421,-9.99179,22.6015,56.2808,85.8318,120.38,180.352,-0.329316,1.01096,209.631,1.01822,209.339,1.07607,-27.4101,1.07607,4.70026,1.07607,,,,,800000099,800000099,800000099,800000099,800000099,800001099,899999999,899999999,89999,89999,89,89,6,1,3,18,26,24,,,,,,,,,,,,0,0,0,0,,,,,,,,,,,,,,,,,,87.0,1.82171,3.30146,0.235809,0.638665,0.0133678,487.636,,,0.170542,-0.0274101,4.70026,,,11.923,415.764,7.76621,3.25487,89.1314,0.161918,1,15.46,11.9522,296.648,414.503,1577.97,0.0,58.0664,570.461,0.0,66.228,58.4186,66.8903,62.0953,100.962,46.4853,0.219633,0.2459,,821.601,133.286,285.096,15.1154,284.922,284.45,,3,241,,,,,,,,,,,,,,,,,,,,,,,,,,,99.9677,0.776553,,69.84753333333333,0.0,500.6134666666667,65.00646666666671,821.601,570.461,,292.76074043749355,,47.06766993223718,74.53602280271949,100.0,230.06243853993774,270.5510281267289,265.1944666666667,235.419,200.188,300.4254666666667,11.0,11.0,wet,285.096
2021-03-12 12:30:00-08:00,2021-03-12 12:30:00,DATA,2021-03-12T120000_smart3-00269.ghg,71.5207,1,18000,18000,-0.102227,1,,108.483,0,,84.618,1.0,,-9.13469,0.0,,1.89878,1.0,,,,,,,,,,,,,,2.30133e-10,5.20986e-12,,,17.4432,413.046,416.945,0.0,0,394.886,9.35073,9.43899,0.0,0,,,,,9,,,,,9,287.679,284.576,99915.8,1.21886,1010.43,0.0236796,0.123041,0.00711584,934.536,1346.25,0.00583809,69.418,411.709,279.146,-0.145691,-2.71981,0.214719,2.73216,-6.47692e-14,1.31933e-14,2.73216,8.1266,280.85,266.934,4.5075,,0.289604,3.91591,-19.5148,-0.18819,1.28204,-0.304155,0,44.8095,-6.80002,15.3817,38.3025,58.4137,81.9261,122.74,-0.101117,1.01098,111.065,1.01973,72.5774,1.07994,-14.1843,1.07994,1.62859,1.07994,,,,,800000099,800000099,800000099,800000099,800000099,800001099,899999999,899999999,89999,89999,89,89,1,2,5,6,13,9,,,,,,,,,,,,0,0,0,0,,,,,,,,,,,,,,,,,,87.0,2.20457,5.43795,0.189297,0.328801,0.00622228,1036.2,,,0.0901812,-0.0141843,1.62859,,,11.947,413.045,9.35028,5.88641,89.1649,0.159728,1,15.42,11.95,329.293,392.753,672.29,0.0,69.0779,266.71,0.1,63.8912,55.7637,61.4623,71.6356,75.0961,57.7326,0.226233,0.242642,,393.688,63.519,284.934,13.1321,287.657,284.65,,3,138,,,,,,,,,,,,,,,,,,,,,,,,,,,99.9158,0.9345359999999999,,68.15476666666666,0.0,198.55523333333332,5.45423333333332,393.688,266.71,,288.6873365281301,,42.620672188092875,56.62450594089777,101.0,111.54715603596046,87.00807729737286,113.93723333333332,84.618,108.483,90.07223333333332,12.5,12.5,wet,284.934
2021-03-17 13:30:00-07:00,2021-03-17 12:30:00,DATA,2021-03-17T120000_smart3-00269.ghg,76.5207,1,18000,18000,-0.103502,0,,127.943,0,,136.592,0.0,,-13.4435,0.0,,3.06776,0.0,,,,,,,,,,,,,,-1.63196e-11,-2.85638e-13,,,17.707,421.231,424.359,0.1,0,309.923,7.37273,7.42749,0.1,0,,,,,9,,,,,9,287.245,285.499,99779.1,1.21417,1009.36,0.0237889,0.198791,0.00558481,735.842,1430.8,0.00459968,51.4287,694.96,275.737,1.90638,-0.536176,0.100555,1.9829,8.14578e-14,-9.21644e-16,1.9829,6.48566,199.201,344.291,2.90678,,0.291968,1.9845,-16.9334,-0.21688,0.936677,-0.357564,0,45.9636,-6.97515,15.7778,39.289,59.9182,84.0361,125.901,-0.102354,1.01123,133.37,1.0172,121.627,1.07328,-19.7627,1.07328,2.73165,1.07328,,,,,800000099,800000099,800000099,800000099,800000099,800001199,899999999,899999999,89999,89999,89,89,0,1,3,25,44,36,,,,,,,,,,,,0,0,0,0,,,,,,,,,,,,,,,,,,87.0,1.39809,2.39036,0.180549,0.341937,0.012925,261.063,,,0.108826,-0.0197627,2.73165,,,11.98,421.235,7.37226,2.50586,89.1071,0.164767,1,16.38,11.952,314.115,415.81,1193.41,0.0,53.9304,446.939,0.1,66.0418,58.2133,61.6989,68.7039,75.7915,70.325,0.206517,0.249233,,656.887,108.253,285.527,15.1702,289.902,285.523,,3,159,,131.5,76.0,11.989,15.173666666666666,0.09913333333333334,14.818999999999999,21.88266666666667,14.819666666666668,0.009633333333333332,21.774,0.43806666666666666,0.052000000000000005,14.455333333333334,18.398000000000003,14.453333333333335,0.009766666666666667,18.331333333333337,0.4252333333333333,0.05416666666666667,14.287666666666667,18.317,14.288333333333332,0.013833333333333333,18.476333333333333,0.6352666666666666,99.7791,0.735842,292.6772222222222,71.6068,0.0,375.3322,110.79719999999999,656.887,446.939,292.95973763651057,292.9471388929798,71.24132602741477,71.12056955257276,76.50560329769635,0.0,181.53033687262555,193.80186312737447,238.74020000000002,136.592,127.943,247.38920000000002,13.5,12.5,wet,285.527
2021-03-17 15:00:00-07:00,2021-03-17 14:00:00,DATA,2021-03-17T133000_smart3-00269.ghg,76.5832,1,18000,18000,-0.111691,0,,173.016,0,,196.85,0.0,,-16.4037,0.0,,4.42531,0.0,,,,,,,,,,,,,,2.74345e-11,5.13175e-13,,,17.4454,416.771,420.046,0.1,0,326.324,7.79589,7.85715,0.1,0,,,,,9,,,,,9,287.863,286.492,99702.3,1.20884,1009.61,0.02389,0.28676,0.00588036,777.477,1526.91,0.00486447,50.9184,749.431,276.514,2.19643,-1.69616,0.11289,2.77741,-6.26957e-15,1.57259e-15,2.77741,7.00234,218.567,322.323,2.32948,,0.303966,1.68927,-14.1234,-0.260029,0.878927,-0.466379,0,49.6377,-7.53271,17.039,42.4296,64.7078,90.7536,135.965,-0.110476,1.01099,180.542,1.01991,174.133,1.08039,-24.8806,1.08039,3.91462,1.08039,,,,,800000099,800000099,800000099,800000099,800000099,800001199,899999999,899999999,89999,89999,89,89,0,0,1,5,13,20,,,,,,,,,,,,0,0,0,0,,,,,,,,,,,,,,,,,,87.0,1.30914,1.90794,0.161466,0.564964,0.0157874,410.618,,,0.147929,-0.0248806,3.91462,,,12.01,416.771,7.79608,3.27604,89.099,0.170996,1,16.6,11.965,307.099,431.094,1600.83,0.0,53.4199,569.843,0.0,65.8925,58.3166,61.279,92.32,112.727,95.9319,0.212333,0.248,,837.15,143.312,286.431,16.7881,292.205,285.924,,3,250,,221.5,76.0,11.989,16.527,0.1612,17.466,28.795333333333335,17.473666666666666,0.022333333333333334,28.610666666666667,0.8222,0.08626666666666667,17.03666666666667,23.71066666666667,17.041999999999998,0.023399999999999997,23.509999999999998,0.7700666666666667,0.08603333333333334,16.358333333333334,22.836333333333336,16.35533333333333,0.018933333333333337,22.796333333333333,0.7971,99.70230000000001,0.777477,298.1223333333333,100.3263,0.0,469.51669999999996,99.6507,837.15,569.843,298.5004779139255,295.6632675710216,85.2107259931732,65.17997115536504,53.15237661787541,0.0,219.63062667885123,249.8860733211487,272.66669999999993,196.85,173.016,296.50069999999994,15.0,14.0,wet,286.431
2021-03-18 09:30:00-07:00,2021-03-18 08:30:00,DATA,2021-03-18T080000_smart3-00269.ghg,77.3541,1,18000,18000,-0.0533226,0,,65.6322,0,,69.412,0.0,,-7.86947,0.0,,1.55567,0.0,,,,,,,,,,,,,,-1.47363e-10,-3.45721e-12,,,17.6034,415.305,419.392,-0.1,0,412.983,9.74325,9.83911,-0.1,0,,,,,9,,,,,9,285.866,283.306,99837.8,1.22319,1010.63,0.0235924,0.100808,0.00744196,973.005,1237.16,0.00608406,78.6481,264.158,279.731,-0.390354,1.62521,-0.0672904,1.67279,-3.71198e-14,-8.37131e-15,1.67279,5.60881,73.7707,103.506,-2.30543,,0.20879,1.00066,-12.0809,-0.303993,0.945546,-0.254287,0,45.1844,-6.85691,15.5104,38.623,58.9025,82.6116,123.767,-0.0527,1.01181,68.403,1.01654,60.9465,1.07114,-11.0299,1.07114,1.36594,1.07114,,,,,800000099,800000099,800000099,800000099,800000099,800000199,899999999,899999999,89999,89999,89,89,11,2,2,14,17,14,,,,,,,,,,,,0,0,0,0,,,,,,,,,,,,,,,,,,87.0,0.645393,1.25956,0.0963618,0.374893,0.0149795,111.939,,,0.0553338,-0.0110299,1.36594,,,11.9759,415.301,9.74317,6.51009,88.6931,0.196497,1,11.1767,11.9663,309.655,381.939,709.78,0.0,80.6927,215.478,0.0,72.9555,68.0593,68.6784,-5.37582,4.43212,-6.35017,0.197317,0.25,,358.874,71.1113,283.462,11.504,284.766,286.85,,3,100,,1331.5,77.0,11.985000000000001,8.92,0.018799999999999997,9.617666666666667,10.745333333333333,9.609666666666667,0.006466666666666667,10.736333333333333,0.1304,0.01863333333333333,9.607333333333335,10.762,9.596,0.008033333333333333,10.712666666666667,0.1806333333333333,0.015433333333333332,9.787666666666667,10.725,9.773333333333333,0.009233333333333335,10.712333333333333,0.1396666666666667,99.8378,0.973005,283.87044444444444,-2.43129,0.0,217.90929,82.86509,358.874,215.478,284.0324126224622,286.7033036345926,10.748788095705471,61.078742913662595,86.03488834134366,0.0,105.90507480615975,112.00421519384024,148.49728999999996,69.412,65.6322,152.27709,9.5,8.5,wet,283.462
2021-03-18 11:00:00-07:00,2021-03-18 10:00:00,DATA,2021-03-18T093000_smart3-00269.ghg,77.4166,1,18000,18000,-0.0463482,1,,198.309,0,,171.129,0.0,,-16.1501,0.0,,3.85294,0.0,,,,,,,,,,,,,,-2.12879e-10,-4.92815e-12,,,17.3947,417.049,421.114,0.0,0,402.687,9.65468,9.7488,0.0,0,,,,,9,,,,,9,288.471,288.071,99894.0,1.20367,1010.67,0.0239756,0.249671,0.00725642,964.703,1691.51,0.00602856,57.0322,726.804,279.607,0.425379,0.82736,-0.0251245,0.930647,7.11581e-14,-1.22382e-14,0.930647,3.66306,117.397,62.7905,-1.54699,,0.196228,0.962008,-3.32078,-1.10591,1.15883,-0.830734,1,6.27932,3.0,5.0,8.0,13.0,21.0,48.0,-0.0456061,1.01627,204.562,1.01726,149.014,1.0694,-25.8093,1.0694,3.35502,1.0694,,,,,800000099,800000099,800000099,800000099,800000099,800011099,899999999,899999999,89999,89999,89,89,2,0,4,28,28,18,,,,,,,,,,,,0,0,0,0,,,,,,,,,,,,,,,,,,87.0,1.42148,0.401044,0.101493,0.895525,0.019438,446.649,,,0.168154,-0.0258093,3.35502,,,11.99,417.049,9.65461,6.37223,88.9602,0.174178,1,17.2433,11.9597,327.982,431.156,1512.08,0.0,61.9127,530.061,0.0,72.9555,68.0593,68.6784,46.6574,73.5318,27.21,0.200967,0.250808,,766.839,133.603,287.424,18.8015,286.917,286.65,,3,211,,1421.5,77.0,11.987,15.263666666666667,0.09583333333333334,14.011666666666667,20.816666666666666,13.991000000000001,0.01846666666666667,20.692,0.46043333333333336,0.08513333333333332,14.229333333333333,20.833333333333332,14.207333333333334,0.018266666666666667,20.695333333333334,0.46013333333333334,0.05873333333333333,15.299333333333333,19.668333333333333,15.269333333333332,0.0223,19.483999999999998,0.4003,99.894,0.964703,293.44044444444444,49.13306666666667,0.0,480.9279333333334,111.48993333333337,766.839,530.061,293.6957536591595,295.6213957192027,38.48529738586104,50.30159492670183,117.2363051361403,100.0,258.15519121314003,222.7727421201934,309.7989333333334,171.129,198.309,282.6189333333334,11.0,10.0,wet,287.424
2021-03-18 12:30:00-07:00,2021-03-18 11:30:00,DATA,2021-03-18T110000_smart3-00269.ghg,77.479,1,18000,18000,-0.10594,0,,171.926,0,,233.482,0.0,,-17.9202,0.0,,5.26173,0.0,,,,,,,,,,,,,,1.79552e-11,4.69969e-13,,,17.0128,409.476,413.913,0.1,0,445.3,10.7178,10.834,0.1,0,,,,,9,,,,,9,290.624,289.047,99844.6,1.19853,1011.28,0.0240688,0.34096,0.00802431,1070.41,1800.84,0.00669511,59.4391,730.439,281.125,1.57318,-2.77462,0.22943,3.19782,4.30491e-14,1.0554e-15,3.19782,6.17059,240.907,299.553,4.11427,,0.297307,0.86026,-13.32,-0.275713,0.736359,-0.477106,0,49.8395,-7.56334,17.1083,42.6021,64.9709,91.1226,136.518,-0.104758,1.01129,181.314,1.02168,203.998,1.08472,-26.2039,1.08472,4.5973,1.08472,,,,,800000099,800000099,800000099,800000099,800000099,800000099,899999999,899999999,89999,89999,89,89,1,1,1,7,14,15,,,,,,,,,,,,0,0,0,0,,,,,,,,,,,,,,,,,,87.0,0.674759,0.892852,0.15291,0.563074,0.0170328,566.503,,,0.149592,-0.0262039,4.5973,,,11.98,409.476,10.7178,7.88936,88.9558,0.155534,1,20.92,11.9566,312.928,441.778,1690.61,0.0,61.4274,597.992,0.0,72.9555,68.0593,68.6784,89.5091,107.664,72.2073,0.206225,0.250175,,860.711,133.868,289.056,19.4327,290.833,286.65,,3,119,,1511.5,77.0,11.985666666666667,20.143666666666665,0.16756666666666667,18.44333333333333,30.173000000000002,18.441333333333333,0.0143,30.145666666666667,0.5886666666666667,0.1007,18.487666666666666,26.277333333333335,18.483666666666668,0.013533333333333333,26.23166666666667,0.5337,0.05566666666666666,20.192999999999998,24.28666666666667,20.206333333333337,0.02606666666666667,24.305666666666664,0.46606666666666663,99.8446,1.07041,300.0443333333333,89.79346666666667,0.0,508.1985333333333,102.79053333333326,860.711,597.992,300.4326930032715,297.4847916136098,80.23938526621889,59.44794831139664,45.736284759447436,0.0,215.5175552575841,292.6809780757492,274.71653333333325,233.482,171.926,336.2725333333333,12.5,11.5,wet,289.056
2021-03-18 14:00:00-07:00,2021-03-18 13:00:00,DATA,2021-03-18T123000_smart3-00269.ghg,77.5415,1,18000,18000,-0.0957958,0,,191.193,0,,239.27,0.0,,-18.2569,0.0,,5.38479,0.0,,,,,,,,,,,,,,7.80606e-11,1.71883e-12,,,17.2242,412.45,416.23,0.1,0,379.261,9.08178,9.16501,0.1,0,,,,,9,,,,,9,289.116,287.621,99861.5,1.20543,1010.35,0.023946,0.348934,0.00683429,907.163,1643.07,0.00566959,55.2116,735.904,278.717,2.21607,-2.63614,0.195953,3.44943,-2.28983e-14,4.53204e-15,3.44943,6.90949,230.064,310.052,3.25658,,0.281905,0.823003,-10.2091,-0.359729,0.799069,-0.556876,0,46.4519,-7.04925,15.9454,39.7064,60.5547,84.9289,127.239,-0.0947024,1.01155,200.169,1.02281,209.575,1.08743,-27.477,1.08743,4.7165,1.08743,,,,,800000099,800000099,800000099,800000099,800000099,800000099,899999999,899999999,89999,89999,89,89,0,6,2,6,5,6,,,,,,,,,,,,0,0,0,0,,,,,,,,,,,,,,,,,,87.0,0.73031,0.751767,0.163929,0.623979,0.0179854,598.981,,,0.164356,-0.027477,4.7165,,,11.98,412.449,9.08167,5.47523,88.9991,0.160543,1,19.0,11.9574,307.184,439.2,1731.04,0.0,57.8971,614.97,0.0,67.4538,58.1544,61.6264,106.204,119.967,87.431,0.210067,0.249117,,889.861,142.875,287.621,17.4153,293.833,286.929,,3,197,,1601.5,77.0,11.987333333333334,18.925333333333334,0.16670000000000001,17.240000000000002,28.951999999999998,17.285,0.03356666666666666,28.855999999999998,0.7928333333333334,0.10173333333333333,17.086333333333336,24.991333333333333,17.134333333333334,0.03443333333333333,24.866666666666667,0.7433333333333334,0.0735,17.572666666666667,23.075666666666667,17.613333333333333,0.030866666666666664,23.05,0.4888,99.8615,0.907163,298.7408888888889,104.53399999999999,0.0,510.43600000000004,79.97300000000004,889.861,614.97,299.1262057111113,297.06348077479294,73.31756740483408,60.1727372858821,40.5103595740735,0.0,226.71353902193687,283.72246097806317,271.16600000000005,239.27,191.193,319.24300000000005,14.0,13.0,wet,287.621
2021-03-18 15:30:00-07:00,2021-03-18 14:30:00,DATA,2021-03-18T140000_smart3-00269.ghg,77.604,1,18000,18000,-0.172535,1,,163.77,0,,153.66,0.0,,-13.4939,0.0,,3.45639,0.0,,,,,,,,,,,,,,4.88403e-10,1.22838e-11,,,17.2418,412.256,416.575,0.0,0,433.646,10.3686,10.4772,0.0,0,,,,,9,,,,,9,289.023,287.098,99828.9,1.20664,1011.05,0.0239102,0.223974,0.0078143,1035.36,1588.35,0.00647609,65.1848,552.986,280.637,1.07226,-4.0295,0.31662,4.18173,-1.64647e-13,2.83267e-14,4.18173,9.31789,252.197,284.901,4.3423,,0.378137,2.1701,-28.7643,-0.127676,1.06579,-0.355005,0,48.8554,-7.41399,16.7705,41.7608,63.6879,89.3232,133.822,-0.170396,1.01255,168.017,1.02629,130.566,1.09563,-20.9751,1.09563,2.93692,1.09563,,,,,800000099,800000099,800000099,800000099,800000099,800000099,899999999,899999999,89999,89999,89,89,3,1,1,8,15,16,,,,,,,,,,,,0,0,0,0,,,,,,,,,,,,,,,,,,87.0,1.84895,2.23124,0.260003,0.436658,0.0102778,339.365,,,0.137722,-0.0209751,2.93692,,,11.98,412.255,10.3686,7.40846,89.0551,0.174147,1,18.85,11.9602,305.299,424.925,1464.19,0.0,65.9782,502.982,0.0,67.4538,58.1544,61.6264,96.827,100.38,93.2803,0.212958,0.24835,,753.835,131.227,287.272,16.6496,295.685,287.493,,3,239,,1691.5,77.0,11.988,18.182333333333336,0.16356666666666667,18.502333333333336,29.976,18.505333333333333,0.016033333333333333,29.991666666666667,0.5196333333333334,0.0809,18.305666666666664,24.554666666666666,18.309666666666665,0.016933333333333335,24.47533333333333,0.5131,0.0771,17.98933333333333,23.764333333333337,17.984666666666666,0.014633333333333333,23.976666666666667,0.5141333333333333,99.82889999999999,1.0353599999999998,299.29788888888885,96.8291,0.0,406.15290000000005,88.72290000000004,753.835,502.982,299.6994409728899,294.58467941508974,92.62111198368557,54.50104333493512,38.75218582783903,100.0,209.54434184859656,196.60855815140346,252.49290000000005,153.66,163.77,242.38290000000003,15.5,14.5,wet,287.272
2021-03-24 10:00:00-07:00,2021-03-24 09:00:00,DATA,2021-03-24T083000_smart3-00269.ghg,83.3749,1,18000,18000,-0.0459057,1,,103.22,0,,160.352,0.0,,-14.7467,0.0,,3.60684,0.0,,,,,,,,,,,,,,6.2058e-11,9.41774e-13,,,17.2998,415.008,417.638,-0.1,0,262.537,6.29803,6.33795,-0.1,0,,,,,9,,,,,9,288.364,287.073,99491.7,1.20453,1008.81,0.0239892,0.233723,0.00473091,626.77,1585.74,0.0039276,39.5253,958.973,273.501,-0.59139,1.29916,-0.10758,1.43148,4.96805e-16,3.58721e-15,1.43148,3.06397,64.6293,114.476,-4.31001,,0.19522,0.267576,-6.26046,-0.586618,0.643709,-0.435126,1,14.4826,6.0,11.0,19.0,29.0,47.0,110.0,-0.0453335,1.01262,110.548,1.0163,145.704,1.0699,-19.9672,1.0699,3.27735,1.0699,,,,,800000099,800000099,800000099,800000099,800000099,800001099,899999999,899999999,89999,89999,89,89,6,1,1,6,13,5,,,,,,,,,,,,0,0,0,0,,,,,,,,,,,,,,,,,,87.0,0.236033,0.216107,0.0830121,0.365257,0.0135652,425.663,,,0.0909756,-0.0199672,3.27735,,,11.9695,415.006,6.29789,0.250353,88.2716,0.21519,1,15.92,11.9499,276.464,407.859,1088.1,0.0,41.6097,297.512,0.0,79.6232,72.5798,71.7208,13.684,22.3031,-3.28582,0.177067,0.2422,,546.218,117.312,287.307,16.6917,284.629,287.486,,3,91,,10001.5,83.0,11.984666666666667,14.587666666666667,-0.0005333333333333335,13.205,12.820333333333334,13.171666666666665,0.02256666666666667,12.745000000000001,0.16953333333333334,0.010199999999999999,14.670333333333334,15.114,14.646999999999998,0.01566666666666667,15.022333333333334,0.29993333333333333,0.02256666666666667,14.364333333333333,15.872666666666667,14.326666666666666,0.023866666666666665,15.811333333333334,0.23166666666666666,99.4917,0.6267699999999999,287.6762222222222,10.900426666666666,0.0,286.61157333333335,23.03957333333335,546.218,297.512,287.97140666804256,291.58753440284437,7.833012661113112,50.46529751514024,88.54561773959539,100.0,112.24275188360929,174.36882144972407,126.25957333333335,160.352,103.22,183.39157333333335,10.0,9.0,wet,287.307
2021-03-24 11:30:00-07:00,2021-03-24 10:30:00,DATA,2021-03-24T100000_smart3-00269.ghg,83.4374,1,18000,18000,-0.0494086,1,,123.881,0,,213.971,0.0,,-14.8105,0.0,,4.83472,0.0,,,,,,,,,,,,,,-1.10528e-10,-1.18335e-12,,,16.9399,413.057,414.892,0.0,0,181.364,4.42233,4.44198,0.0,0,,,,,9,,,,,9,292.071,291.77,99483.4,1.18588,1007.9,0.0243837,0.31329,0.00326819,440.067,2139.25,0.00275591,20.5711,1699.19,268.715,0.677886,0.0644762,0.0269248,0.681477,6.00841e-14,-6.52472e-15,0.681477,3.39009,176.927,5.43327,2.26431,,0.204118,0.848973,-5.96107,-0.616081,0.578961,-0.50777,0,39.1989,-5.94858,13.4557,33.5066,51.0997,71.6681,107.372,-0.0484231,1.02035,133.71,1.01935,196.188,1.07128,-21.3066,1.07128,4.43291,1.07128,,,,,800000099,800000099,800000099,800000099,800000099,800011199,899999999,899999999,89999,89999,89,89,2,2,0,34,47,38,,,,,,,,,,,,0,0,0,0,,,,,,,,,,,,,,,,,,87.0,0.496179,1.07039,0.131382,0.414001,0.0116507,572.065,,,0.111869,-0.0213066,4.43291,,,11.9738,413.057,4.42231,-4.59045,88.3389,0.172802,1,22.1433,11.9517,294.541,453.986,1556.23,0.0,22.6353,515.976,0.0,79.6232,72.5798,71.7208,61.3923,79.822,41.3299,0.1806,0.240208,,816.471,141.05,291.733,23.4301,288.374,287.25,,3,80,,10091.5,83.0,11.984,20.108999999999998,0.09426666666666667,21.009,27.613666666666667,20.968,0.030500000000000003,27.538333333333334,0.3720333333333333,0.026866666666666667,21.394333333333336,23.270333333333333,21.357333333333333,0.033,23.257,0.4061666666666667,0.05883333333333333,21.034666666666666,25.377,21.0,0.02323333333333333,25.316,0.3016666666666667,99.48339999999999,0.440067,298.5204444444444,60.848066666666675,0.0,455.1279333333333,117.27593333333331,816.471,515.976,298.90858695985287,299.5540050289562,69.33507065161874,75.57150924144945,184.01393572319424,100.0,166.8828466584974,288.24508667483593,241.15693333333334,213.971,123.881,331.24693333333335,11.5,10.5,wet,291.733
2021-03-24 12:30:00-07:00,2021-03-24 11:30:00,DATA,2021-03-24T110000_smart3-00269.ghg,83.479,1,18000,18000,-0.151537,0,,192.62,0,,252.185,0.0,,-17.3243,0.0,,5.69573,0.0,,,,,,,,,,,,,,6.48314e-11,9.8258e-13,,,16.8503,410.461,413.03,0.1,0,255.382,6.22091,6.25985,0.1,0,,,,,9,,,,,9,292.472,291.326,99431.9,1.18626,1008.86,0.0243593,0.369083,0.00460198,618.723,2080.64,0.00387939,29.7371,1461.92,273.323,1.55507,-2.85355,0.252661,3.25957,-1.50549e-13,3.84749e-15,3.25957,7.44021,243.669,298.589,4.44565,,0.357412,1.48112,-20.5804,-0.178447,0.763806,-0.450319,0,54.6185,-8.28857,18.7488,46.6871,71.2007,99.86,149.609,-0.149837,1.01135,202.672,1.02196,225.145,1.08538,-26.6929,1.08538,5.08502,1.08538,,,,,800000099,800000099,800000099,800000099,800000099,800000099,899999999,899999999,89999,89999,89,89,0,1,4,15,18,20,,,,,,,,,,,,0,0,0,0,,,,,,,,,,,,,,,,,,87.0,1.4825,1.30397,0.175772,0.636512,0.0162677,668.675,,,0.169348,-0.0266929,5.08502,,,11.9795,410.459,6.22106,0.0498085,88.2583,0.162042,1,23.18,11.963,298.987,455.904,1725.26,0.0,31.8985,609.354,0.0,79.6232,72.5798,71.7208,80.4857,91.6994,65.2256,0.183533,0.240067,,914.442,148.17,291.477,21.7882,291.242,287.25,,3,72,,10151.5,83.0,11.982666666666667,22.496,0.1107,22.277333333333335,30.021,22.301333333333332,0.0245,30.089,0.6142666666666667,0.029733333333333334,22.233333333333334,24.34333333333333,22.26833333333333,0.03133333333333334,24.503,0.6191,0.06346666666666666,22.199,26.891000000000002,22.215666666666667,0.016533333333333334,26.933,0.4292666666666667,99.4319,0.6187229999999999,300.325,79.13689999999998,0.0,530.2171000000001,85.41210000000007,914.442,609.354,300.73195179989335,299.8740685405509,57.59566586283231,52.256863606188105,47.794529374053795,0.0,229.60717123683415,300.6099287631659,278.03210000000007,252.185,192.62,337.59710000000007,12.5,11.5,wet,291.477
2021-03-24 13:00:00-07:00,2021-03-24 12:00:00,DATA,2021-03-24T113000_smart3-00269.ghg,83.4999,1,18000,18000,-0.14124,0,,173.46,0,,237.005,0.0,,-15.5518,0.0,,5.35257,0.0,,,,,,,,,,,,,,1.49996e-10,2.12264e-12,,,16.878,411.211,413.618,0.1,0,238.847,5.8192,5.85326,0.1,0,,,,,9,,,,,9,292.294,291.264,99392.5,1.18623,1008.64,0.0243637,0.346847,0.00430402,578.54,2072.52,0.00362833,27.9148,1493.98,272.401,0.970376,-3.25086,0.269585,3.40329,2.75644e-14,8.88705e-15,3.40329,7.51049,252.561,286.62,4.54333,,0.345061,1.44188,-20.5581,-0.17864,0.731881,-0.420145,0,51.8003,-7.8609,17.7814,44.2781,67.5269,94.7075,141.889,-0.139635,1.01149,182.933,1.0226,211.938,1.08693,-24.0625,1.08693,4.78645,1.08693,,,,,800000099,800000099,800000099,800000099,800100099,800100099,899999999,899999999,89999,89999,89,89,3,6,1,3,8,10,,,,,,,,,,,,0,0,0,0,,,,,,,,,,,,,,,,,,87.0,1.00514,1.69159,0.187034,0.589022,0.0155354,668.943,,,0.152893,-0.0240625,4.78645,,,11.98,411.211,5.81939,-0.879554,88.2501,0.160348,1,22.84,11.9555,299.784,457.666,1739.36,0.0,30.321,618.748,0.0,79.6232,72.5798,71.7208,85.3286,93.6542,71.4887,0.185233,0.24085,,925.008,148.378,291.442,21.7445,292.48,287.372,,3,238,,10181.5,83.0,11.983666666666666,21.84,0.13286666666666666,21.299666666666667,30.584666666666667,21.299333333333333,0.0203,30.764333333333337,0.6821666666666667,0.06333333333333332,20.857666666666667,25.683666666666667,20.859333333333332,0.02146666666666667,25.651333333333334,0.5885,0.0858,21.438333333333333,27.828,21.438333333333333,0.013433333333333334,27.799,0.4709333333333333,99.3925,0.5785399999999999,301.22155555555554,83.4905,0.0,535.2575,124.79250000000005,925.008,618.748,301.63852552130356,300.1653018992163,70.45524338363222,60.27566518949002,45.76978242319449,0.0,226.19654769590588,309.06095230409414,298.25250000000005,237.005,173.46,361.7975,13.0,12.0,wet,291.442
2021-03-24 14:30:00-07:00,2021-03-24 13:30:00,DATA,2021-03-24T130000_smart3-00269.ghg,83.5624,1,18000,18000,-0.213083,0,,214.733,0,,230.684,0.0,,-16.8277,0.0,,5.2036,0.0,,,,,,,,,,,,,,-2.6357e-10,-3.52441e-12,,,17.0091,412.896,415.189,0.0,0,227.442,5.52117,5.55183,0.0,0,,,,,9,,,,,9,291.343,290.026,99331.4,1.19069,1008.45,0.0242751,0.337193,0.0040985,548.573,1916.73,0.00344212,28.6203,1368.16,271.675,1.58151,-3.81386,0.319255,4.14109,1.14029e-14,-1.54958e-14,4.14109,8.70728,246.901,292.523,4.42156,,0.423033,2.13182,-30.584,-0.120079,0.930854,-0.422739,0,54.8261,-8.32008,18.82,46.8646,71.4714,100.24,150.177,-0.210454,1.01249,222.076,1.02609,203.798,1.09517,-26.9042,1.09517,4.59713,1.09517,,,,,800000099,800000099,800000099,800000099,800000099,800000099,899999999,899999999,89999,89999,89,89,0,4,1,3,5,3,,,,,,,,,,,,0,0,0,0,,,,,,,,,,,,,,,,,,87.0,1.22622,2.7935,0.243916,0.611694,0.0153521,773.609,,,0.184948,-0.0269042,4.59713,,,11.98,412.895,5.52121,-1.62757,88.3131,0.1695,1,21.63,11.9627,298.282,447.155,1661.15,0.0,30.6393,587.139,0.0,71.7031,62.0705,64.9062,93.7817,98.5834,82.5639,0.188133,0.244,,886.498,150.486,290.215,20.0373,295.179,287.773,,3,57,,10271.5,83.0,11.984333333333334,20.927666666666667,0.12466666666666666,20.314666666666668,29.03166666666667,20.319333333333336,0.018333333333333333,28.971666666666668,0.8207333333333333,0.0666,19.678333333333335,24.75133333333333,19.685,0.019933333333333334,24.653000000000002,0.6942333333333333,0.07853333333333333,20.333333333333332,26.167333333333332,20.341,0.022166666666666668,26.13,0.6554,99.33139999999999,0.548573,299.73488888888886,91.64299999999999,0.0,495.49600000000004,50.07900000000001,886.498,587.139,300.13813020044006,298.4090894119654,55.594849879374344,45.90780948698879,39.38428975159619,0.0,238.87580080688434,256.6201991931157,264.812,230.684,214.733,280.76300000000003,14.5,13.5,wet,290.215
2021-03-26 11:30:00-07:00,2021-03-26 10:30:00,DATA,2021-03-26T100000_smart3-00269.ghg,85.4374,1,18000,18000,-0.205667,0,,180.865,0,,146.388,0.0,,-16.4364,0.0,,3.29029,0.0,,,,,,,,,,,,,,1.96736e-10,4.57235e-12,,,17.2934,413.785,417.803,0.0,0,401.918,9.61681,9.71019,0.0,0,,,,,9,,,,,9,288.513,286.295,99478.8,1.20612,1010.61,0.0239273,0.213211,0.00724256,956.925,1507.45,0.00600482,63.4799,550.52,279.489,-3.02575,1.24508,-0.202475,3.27817,-6.91976e-14,1.13763e-14,3.27817,7.07246,23.4193,157.633,-3.54112,,0.412939,1.27005,-33.8292,-0.10856,1.23551,-0.359328,0,53.1627,-8.06765,18.249,45.4427,69.303,97.1984,145.621,-0.203356,1.01136,185.061,1.02204,125.014,1.08558,-24.6512,1.08558,2.80987,1.08558,,,,,800000099,800000099,800000099,800000099,800000099,800000099,899999999,899999999,89999,89999,89,89,4,0,0,12,19,18,,,,,,,,,,,,0,0,0,0,,,,,,,,,,,,,,,,,,87.0,0.995941,1.29314,0.251023,0.594968,0.014708,204.925,,,0.151823,-0.0246512,2.80987,,,11.9717,413.784,9.61695,6.26447,87.4661,0.173358,1,16.4067,11.9556,292.621,427.463,1555.08,0.0,66.0245,538.749,0.0,79.677,74.075,72.3174,46.5268,67.6912,31.507,0.173533,0.2413,,814.803,141.212,286.385,16.4904,288.273,287.55,,3,74,,12971.5,85.0,11.984333333333334,15.065666666666667,0.17306666666666667,14.361333333333333,26.622666666666664,14.347333333333333,0.013766666666666667,26.51966666666667,0.41203333333333336,0.07493333333333332,14.537666666666667,20.351,14.522333333333334,0.0139,20.197333333333333,0.48136666666666666,0.07696666666666667,15.295,21.104,15.278666666666668,0.0115,21.051666666666666,0.3853,99.4788,0.9569249999999999,295.7395555555555,48.574999999999996,0.0,490.17400000000004,162.92100000000005,814.803,538.749,296.1210755473896,295.0695711848626,65.71299897143903,58.615939714156816,50.25305652074867,0.0,270.90758682120565,219.2664131787944,343.78600000000006,146.388,180.865,309.309,11.5,10.5,wet,286.385
2021-03-26 12:30:00-07:00,2021-03-26 11:30:00,DATA,2021-03-26T110000_smart3-00269.ghg,85.479,1,18000,18000,-0.178786,0,,198.555,0,,211.154,0.0,,-16.587,0.0,,4.75636,0.0,,,,,,,,,,,,,,-9.6781e-11,-2.23005e-12,,,17.1346,413.201,417.173,0.0,0,394.819,9.52107,9.6126,0.0,0,,,,,9,,,,,9,289.941,288.564,99486.6,1.19678,1010.61,0.024115,0.308212,0.00711463,947.473,1746.02,0.00594483,54.2649,798.542,279.345,-2.25197,1.53391,-0.176939,2.73048,-6.33661e-14,-5.64828e-15,2.73048,6.45049,36.2465,145.74,-3.71545,,0.38651,1.35174,-25.2713,-0.145323,0.940331,-0.424741,0,54.1851,-8.22279,18.6,46.3166,70.6357,99.0676,148.421,-0.176846,1.01097,206.527,1.01973,184.431,1.07993,-26.2061,1.07993,4.15439,1.07993,,,,,800000099,800000099,800000099,800000099,800000099,800000099,899999999,899999999,89999,89999,89,89,5,2,0,8,16,17,,,,,,,,,,,,0,0,0,0,,,,,,,,,,,,,,,,,,87.0,1.17449,1.3193,0.209692,0.742192,0.0163777,411.067,,,0.170758,-0.0262061,4.15439,,,11.9672,413.201,9.52092,6.11244,87.8452,0.161363,1,18.3,11.9648,299.279,449.044,1734.07,0.0,57.1401,612.837,0.0,79.677,74.075,72.3174,70.6266,94.9495,57.7935,0.17725,0.24155,,909.326,146.725,288.585,19.3521,290.651,287.55,,3,64,,13031.5,85.0,11.984666666666667,17.391000000000002,0.23253333333333334,16.676666666666666,32.81366666666666,16.650666666666666,0.021033333333333334,32.68066666666667,0.5598,0.10236666666666668,17.007333333333335,24.962,16.989333333333335,0.018333333333333333,24.732666666666667,0.5333333333333333,0.10250000000000001,17.907333333333334,25.625666666666667,17.885666666666665,0.016033333333333333,25.58566666666667,0.46780000000000005,99.48660000000001,0.947473,300.8163333333333,74.45653333333333,0.0,538.3804666666666,128.67146666666662,909.326,612.837,301.24723708673423,298.7563801088803,77.24414721985973,62.0490342407687,58.504106576776366,0.0,260.9123391455887,277.4681275210779,327.2264666666666,211.154,198.555,339.8254666666666,12.5,11.5,wet,288.585
2021-03-26 13:00:00-07:00,2021-03-26 12:00:00,DATA,2021-03-26T113000_smart3-00269.ghg,85.4999,1,18000,18000,-0.134306,0,,210.612,0,,221.646,0.0,,-16.0745,0.0,,4.99731,0.0,,,,,,,,,,,,,,1.88434e-10,4.28985e-12,,,17.0891,413.474,417.403,-0.1,0,389.048,9.41306,9.50251,-0.1,0,,,,,9,,,,,9,290.652,289.526,99487.6,1.19286,1010.57,0.0241951,0.323826,0.00701065,936.735,1856.68,0.00587715,50.4523,919.941,279.18,-1.62114,1.42563,-0.163319,2.16499,1.68378e-14,1.10265e-14,2.16499,6.07417,42.9687,138.672,-4.3263,,0.335546,1.34518,-15.5885,-0.235591,0.95022,-0.520684,0,49.3363,-7.48698,16.9356,42.172,64.3149,90.2025,135.14,-0.132839,1.01104,219.447,1.01772,194.603,1.07474,-26.4749,1.07474,4.38758,1.07474,,,,,800000099,800000099,800000099,800000099,800000099,800000099,899999999,899999999,89999,89999,89,89,1,7,3,8,15,16,,,,,,,,,,,,0,0,0,0,,,,,,,,,,,,,,,,,,87.0,1.13672,1.35386,0.199778,0.833215,0.0165273,460.271,,,0.182042,-0.0264749,4.38758,,,11.96,413.473,9.41315,5.94529,87.8897,0.158402,1,18.77,11.9538,302.887,456.952,1771.39,0.0,53.2483,627.576,0.0,79.677,74.075,72.3174,79.4818,105.018,70.5127,0.179025,0.24365,,928.758,147.117,289.433,20.5844,291.877,287.55,,3,3,,13061.5,85.0,11.984,18.110666666666667,0.2375,18.157,34.541000000000004,18.134333333333334,0.019399999999999997,34.643,0.5330666666666667,0.10646666666666667,18.231333333333335,26.488333333333333,18.212666666666667,0.019066666666666666,26.526666666666664,0.5747333333333333,0.1035,19.125,26.895,19.099666666666668,0.020533333333333334,27.011666666666667,0.5199,99.4876,0.936735,302.54377777777773,85.00416666666666,0.0,542.5718333333334,110.31383333333346,928.758,627.576,302.98743690241395,300.06995464310774,77.69463931629974,60.97150035593978,69.22684869705559,0.0,264.3609579510386,278.2108753822949,320.92583333333346,221.646,210.612,331.95983333333345,13.0,12.0,wet,289.433
2021-03-26 14:00:00-07:00,2021-03-26 13:00:00,DATA,2021-03-26T123000_smart3-00269.ghg,85.5415,1,18000,18000,-0.0571275,1,,194.516,0,,187.256,0.0,,-14.9069,0.0,,4.22545,0.0,,,,,,,,,,,,,,3.27428e-10,7.56559e-12,,,17.0281,413.185,417.168,-0.1,0,393.453,9.5471,9.63913,-0.1,0,,,,,9,,,,,9,291.255,290.391,99497.8,1.18937,1010.66,0.0242649,0.273809,0.00709002,950.17,1961.46,0.00596114,48.4421,1011.29,279.387,-0.995624,0.665047,-0.0756019,1.1997,6.14479e-14,1.92287e-14,1.1997,5.73403,40.9673,146.258,-3.61304,,0.219161,1.84021,-4.70344,-0.780812,1.03877,-0.738358,0,38.9985,-5.91818,13.3869,33.3353,50.8385,71.3017,106.823,-0.0563464,1.01386,202.022,1.01642,164.374,1.06921,-24.4497,1.06921,3.70913,1.06921,,,,,800000099,800000099,800000099,800000099,800000099,800000099,899999999,899999999,89999,89999,89,89,1,0,0,16,19,21,,,,,,,,,,,,0,0,0,0,,,,,,,,,,,,,,,,,,87.0,2.69284,0.834178,0.153415,0.736353,0.0141568,759.692,,,0.168063,-0.0244497,3.70913,,,11.98,413.186,9.54723,6.14029,87.9402,0.160335,1,19.91,11.9597,306.05,462.796,1753.08,0.0,51.2741,615.123,0.0,71.5174,62.5589,65.8241,100.388,134.352,99.3008,0.18155,0.242,,919.253,147.383,290.18,21.5306,294.27,287.799,,3,105,,13121.5,85.0,11.984,19.615000000000002,0.2377,19.857333333333333,36.18666666666666,19.859666666666666,0.017733333333333334,36.168,0.6653,0.10116666666666667,19.765,27.593666666666664,19.766666666666666,0.0145,27.66033333333333,0.6031,0.08993333333333334,21.107333333333333,27.821,21.11,0.015633333333333332,27.851666666666667,0.5605,99.4978,0.95017,303.71,111.34693333333333,0.0,503.77606666666674,122.00406666666672,919.253,615.123,304.16040477218456,301.0282891503146,86.51881729379593,67.1354772798668,99.03440643728064,100.0,256.67808373514384,247.09798293152284,316.5200666666667,187.256,194.516,309.2600666666667,14.0,13.0,wet,290.18
2021-03-30 09:30:00-07:00,2021-03-30 08:30:00,DATA,2021-03-30T080000_smart3-00269.ghg,89.3541,1,18000,18000,-0.0305821,0,,63.4103,0,,81.4565,0.0,,-9.86507,0.0,,1.83256,0.0,,,,,,,,,,,,,,-1.81911e-11,-4.45632e-13,,,17.2182,414.496,418.748,-0.1,0,421.798,10.154,10.2582,-0.1,0,,,,,9,,,,,9,289.237,287.264,99210.5,1.19857,1010.93,0.0240732,0.11875,0.0076008,1007.65,1605.51,0.00634155,62.7622,597.857,280.241,-1.45576,1.78153,-0.199521,2.3093,-1.10345e-14,-1.05651e-15,2.3093,4.27359,51.206,129.254,-4.95646,,0.159736,0.303595,-5.57498,-0.658747,0.778456,-0.327622,1,34.7803,15.0,27.0,45.0,68.0,108.0,241.0,-0.0302504,1.01096,66.8324,1.01818,71.7615,1.07598,-12.7898,1.07598,1.61444,1.07598,,,,,800000099,800000099,800000099,800000099,800000099,800000099,899999999,899999999,89999,89999,89,89,2,6,0,1,18,14,,,,,,,,,,,,0,0,0,0,,,,,,,,,,,,,,,,,,87.0,0.285502,0.237231,0.0844564,0.190886,0.00910905,264.711,,,0.0551572,-0.0127898,1.61444,,,12.009,414.496,10.154,7.01419,87.3722,0.219841,1,15.5733,11.9563,290.616,403.08,929.085,0.0,65.1446,270.826,0.0,77.4616,74.8121,71.0157,3.10359,1.10229,-11.6651,0.160367,0.235967,,491.048,107.758,287.62,16.6461,286.651,289.525,,3,228,0.0,18611.5,89.0,11.981666666666666,12.223,0.020266666666666665,12.211333333333332,13.445666666666666,12.157333333333334,0.03326666666666667,13.367666666666667,0.11753333333333334,0.013600000000000001,14.528666666666668,15.278666666666668,14.463,0.041666666666666664,15.209,0.13263333333333333,0.03646666666666667,14.225,16.85533333333333,14.158999999999999,0.0406,16.766333333333332,0.1411666666666667,99.2105,1.00765,288.2643333333333,-2.486406666666667,0.0,273.3124066666667,128.44560666666666,491.048,270.826,288.5307217994739,290.6806134541857,17.441866940722885,58.615938100670405,53.50012649873518,0.0,119.63280544924947,153.6796012174172,191.85590666666667,81.4565,63.4103,209.90210666666667,9.5,8.5,wet,287.62
2021-03-30 11:00:00-07:00,2021-03-30 10:00:00,DATA,2021-03-30T093000_smart3-00269.ghg,89.4166,1,18000,18000,-0.063399,0,,138.208,0,,206.68,0.0,,-17.8043,0.0,,4.66642,0.0,,,,,,,,,,,,,,1.94248e-10,5.43877e-12,,,16.7729,408.753,413.485,0.1,0,469.626,11.4447,11.5772,0.1,0,,,,,9,,,,,9,292.685,290.983,99271.5,1.1834,1011.73,0.0243699,0.302384,0.00846265,1136.44,2036.19,0.00715114,55.8121,899.747,282.008,1.64984,-1.86135,0.156506,2.49221,1.06198e-13,1.15811e-14,2.49221,5.4422,229.278,311.553,3.60043,,0.23146,0.54966,-7.78772,-0.471576,0.668708,-0.498728,0,46.7362,-7.0924,16.043,39.9494,60.9254,85.4487,128.018,-0.0627136,1.01093,147.371,1.01882,181.937,1.07764,-24.4664,1.07764,4.10778,1.07764,,,,,800000099,800000099,800000099,800000099,800000099,800000099,899999999,899999999,89999,89999,89,89,2,4,3,17,13,12,,,,,,,,,,,,0,0,0,0,,,,,,,,,,,,,,,,,,87.0,0.449865,0.540619,0.108837,0.461945,0.0203555,695.505,,,0.123089,-0.0244664,4.10778,,,11.98,408.752,11.4449,8.76958,87.6531,0.186762,1,21.9233,11.9603,305.509,444.499,1439.71,0.0,57.5193,486.206,0.0,77.4616,74.8121,71.0157,45.9518,46.9272,23.8397,0.1623,0.231975,,768.7,143.504,291.185,21.6408,289.689,289.35,,3,60,0.0,18701.5,89.0,11.98,20.352666666666668,0.006766666666666667,20.428,20.62,20.415666666666667,0.019799999999999998,20.406333333333333,0.4093666666666667,0.019400000000000004,20.875,22.134999999999998,20.86733333333333,0.026733333333333335,22.088,0.42136666666666667,0.06323333333333334,20.492666666666665,25.18433333333333,20.477666666666668,0.015766666666666665,25.101333333333333,0.31346666666666667,99.2715,1.1364400000000001,295.68188888888886,38.906233333333326,0.0,447.2997666666667,102.4117666666667,768.7,486.206,296.0124640749051,297.9493242036722,41.907178635522065,58.72104656883402,53.236134103535626,0.0,179.24777362931349,268.0519930373532,240.61976666666666,206.68,138.208,309.0917666666667,11.0,10.0,wet,291.185
2021-03-30 12:30:00-07:00,2021-03-30 11:30:00,DATA,2021-03-30T110000_smart3-00269.ghg,89.479,1,18000,18000,-0.00786548,1,,142.575,0,,225.107,0.0,,-14.8229,0.0,,5.09155,0.0,,,,,,,,,,,,,,7.83241e-11,2.18827e-12,,,16.6993,409.542,414.282,0.1,0,466.555,11.442,11.5745,0.1,0,,,,,9,,,,,9,294.304,292.83,99271.8,1.17594,1011.77,0.0245245,0.329933,0.00840733,1136.18,2285.46,0.00714947,49.7132,1149.28,282.005,1.04132,-2.04538,0.115997,2.29813,-2.09281e-14,4.69026e-15,2.29813,4.93103,243.513,296.981,2.89321,,0.0817844,0.959916,-0.333046,-11.027,0.633365,-1.46524,1,23.1444,10.0,18.0,29.0,42.0,65.0,135.0,-0.00778015,1.01097,152.908,1.01815,198.991,1.07588,-22.0678,1.07588,4.50084,1.07588,,,,,800000099,800000099,800000099,800000099,800000099,800011099,899999999,899999999,89999,89999,89,89,0,0,1,31,19,15,,,,,,,,,,,,0,0,0,0,,,,,,,,,,,,,,,,,,87.0,0.81582,0.985097,0.118914,0.576984,0.0159301,1140.14,,,0.128519,-0.0220678,4.50084,,,11.97,409.541,11.441,8.75181,87.6623,0.167313,1,23.4733,11.9674,314.709,468.475,1739.92,0.0,52.8527,615.498,0.0,77.4616,74.8121,71.0157,75.9363,76.2542,58.1486,0.1666,0.231667,,923.824,154.56,292.812,23.3804,293.63,289.35,,3,220,0.0,18791.5,89.0,11.98,22.000999999999998,0.15766666666666668,21.06833333333333,32.064,21.044333333333334,0.0172,32.022666666666666,0.6362000000000001,0.0768,21.041666666666668,26.941666666666666,21.030666666666665,0.011033333333333334,26.895666666666667,0.5391333333333334,0.1092,21.484333333333332,29.634,21.474333333333334,0.012,29.664666666666665,0.45230000000000004,99.2718,1.13618,302.67766666666665,70.11303333333332,0.0,545.3849666666667,177.70296666666678,923.824,615.498,303.08669761746745,301.92745533946703,85.92086056984594,76.22684349576534,30.88708759618481,100.0,211.48237232853393,333.9025943381328,320.27796666666677,225.107,142.575,402.80996666666675,12.5,11.5,wet,292.812
2021-03-30 14:00:00-07:00,2021-03-30 13:00:00,DATA,2021-03-30T123000_smart3-00269.ghg,89.5415,1,18000,18000,-0.121095,0,,186.168,0,,211.269,0.0,,-16.6492,0.0,,4.77567,0.0,,,,,,,,,,,,,,-2.72829e-11,-8.63432e-13,,,16.6671,407.891,413.225,0.1,0,527.471,12.9087,13.0775,0.1,0,,,,,9,,,,,9,294.18,292.205,99269.2,1.17777,1012.57,0.0244728,0.309463,0.00950503,1281.78,2198.25,0.00807038,58.309,916.471,283.802,1.83323,-3.2124,0.238172,3.70634,-2.20079e-13,-1.63693e-15,3.70634,7.01117,240.204,299.712,3.6844,,0.320652,1.11965,-15.3754,-0.238855,0.881188,-0.48684,0,49.8081,-7.55856,17.0975,42.5752,64.9298,91.065,136.432,-0.119676,1.01186,193.73,1.024,179.842,1.09026,-25.2248,1.09026,4.06527,1.09026,,,,,800000099,800000099,800000099,800000099,800000099,800000099,899999999,899999999,89999,89999,89,89,3,1,3,4,6,3,,,,,,,,,,,,0,0,0,0,,,,,,,,,,,,,,,,,,87.0,0.881463,1.1797,0.178147,0.600832,0.0146938,494.557,,,0.162447,-0.0252248,4.06527,,,11.9669,407.891,12.9084,10.5713,87.5909,0.168016,1,23.4533,11.9608,313.764,465.118,1766.53,0.0,60.5489,625.52,0.0,70.3116,66.6904,65.5569,94.3805,89.26,91.5426,0.171,0.235775,,933.755,156.881,292.305,22.423,297.147,289.563,,3,231,0.0,18881.5,89.0,11.98,22.59733333333333,0.16873333333333335,22.070666666666668,33.78033333333333,22.079333333333334,0.014033333333333333,33.53966666666667,0.8144666666666667,0.09759999999999999,21.904,29.428,21.913,0.0131,29.162333333333333,0.7016666666666667,0.10933333333333332,22.750333333333334,30.899,22.755333333333333,0.011966666666666665,30.834333333333333,0.6022333333333333,99.2692,1.28178,304.32877777777776,91.72769999999998,0.0,533.7923,136.35529999999994,933.755,625.52,304.7691221347698,301.3860877281839,80.01132106676455,58.29450465895931,40.35418480720552,0.0,250.03974191230304,283.7525580876969,322.52329999999995,211.269,186.168,347.62429999999995,14.0,13.0,wet,292.305
2021-03-30 15:30:00-07:00,2021-03-30 14:30:00,DATA,2021-03-30T140000_smart3-00269.ghg,89.604,1,18000,18000,-0.171942,0,,185.031,0,,182.517,0.0,,-16.1121,0.0,,4.12987,0.0,,,,,,,,,,,,,,4.1341e-11,1.10068e-12,,,16.7484,411.423,415.979,0.1,0,445.917,10.9539,11.0752,0.1,0,,,,,9,,,,,9,294.771,293.241,99247.5,1.17422,1011.51,0.0245649,0.267615,0.00803542,1087.44,2344.39,0.00684319,46.3848,1256.95,281.357,2.81988,-2.26981,0.210992,3.62606,1.84195e-13,2.46836e-15,3.62606,6.50924,219.905,321.168,3.33579,,0.382663,1.07453,-26.2805,-0.139742,1.01377,-0.407108,0,55.4543,-8.4154,19.0357,47.4015,72.2903,101.388,151.898,-0.169944,1.01176,191.106,1.02363,156.097,1.08937,-24.5179,1.08937,3.53206,1.08937,,,,,800000099,800000099,800000099,800000099,800000099,800000099,899999999,899999999,89999,89999,89,89,3,4,0,0,4,3,,,,,,,,,,,,0,0,0,0,,,,,,,,,,,,,,,,,,87.0,0.877789,1.07728,0.193979,0.59708,0.0138864,662.298,,,0.1609,-0.0245179,3.53206,,,11.9736,411.421,10.9536,8.11807,87.8695,0.185741,1,23.6633,11.9621,315.131,460.192,1518.23,0.0,47.9729,503.679,0.0,70.3116,66.6904,65.5569,86.8882,79.3319,98.2198,0.173,0.233967,,796.682,147.942,293.523,23.3015,299.363,290.125,,3,158,0.0,18971.5,89.0,11.98,22.72233333333333,0.13470000000000001,22.341,31.737333333333332,22.351,0.018233333333333334,31.694333333333336,0.7777666666666666,0.08236666666666667,22.029666666666667,28.371666666666666,22.03933333333333,0.015799999999999998,28.31833333333333,0.6399,0.0836,23.063333333333333,29.28033333333333,23.069333333333336,0.015266666666666668,29.36,0.5063,99.2475,1.08744,302.9408888888889,88.14663333333334,0.0,415.53236666666663,47.98436666666663,796.682,503.679,303.3487837808449,300.54842504907714,63.20896744666738,45.19434511594088,44.25115789311608,0.0,209.18728801870776,206.34507864795887,233.01536666666664,182.517,185.031,230.50136666666663,15.5,14.5,wet,293.523
2021-03-31 09:30:00-07:00,2021-03-31 08:30:00,DATA,2021-03-31T080000_smart3-00269.ghg,90.3541,1,18000,18000,-0.0172995,1,,31.8456,1,,129.659,0.0,,-11.3811,0.0,,2.93362,0.0,,,,,,,,,,,,,,-5.68345e-11,-1.17609e-12,,,16.5879,405.668,409.102,0.2,0,343.258,8.3946,8.46567,0.2,0,,,,,9,,,,,9,294.323,293.167,99665.6,1.18061,1010.1,0.0244557,0.190099,0.0061855,836.878,2333.7,0.00523924,35.8605,1496.83,277.56,0.321659,-0.458333,0.0468375,0.561897,-3.64723e-14,-3.42627e-15,0.561897,1.42951,234.219,305.061,4.7815,,0.12105,0.0973956,-4.84605,-0.757834,0.245611,-0.220606,1,6.74409,3.0,5.0,9.0,14.0,23.0,54.0,-0.0169009,1.02358,38.6125,1.02123,118.503,1.07329,-13.1207,1.07329,2.68121,1.07329,,,,,800000099,800000099,800000099,800000099,800000099,800010099,899999999,899999999,89999,89999,89,89,7,0,0,7,6,1,,,,,,,,,,,,0,0,0,0,,,,,,,,,,,,,,,,,,87.0,0.103619,0.0523784,0.0387943,0.742368,0.0138288,995.92,,,0.0323786,-0.0131207,2.68121,,,11.97,405.666,8.39376,4.29054,87.8975,0.223905,1,19.0233,11.9553,299.73,425.318,919.999,0.0,37.3957,262.256,0.0,54.6683,76.0994,72.1027,7.79069,3.15906,-10.4066,0.15665,0.228775,,499.559,111.715,293.759,22.3363,286.814,289.947,,3,31,0.0,20051.5,90.0,11.980333333333334,14.664,-0.0111,16.007333333333335,14.825999999999999,15.945,0.039066666666666666,14.757,0.08650000000000001,-0.007899999999999999,18.252666666666666,17.192333333333334,18.176666666666666,0.049433333333333336,17.140666666666668,0.08876666666666666,0.0137,17.766666666666666,18.56,17.692333333333334,0.04653333333333333,18.463,0.12936666666666669,99.66560000000001,0.836878,289.93688888888886,0.18105000000000024,0.0,262.07494999999994,100.57034999999995,499.559,262.256,290.1790168297492,294.60313743658855,-134.18921070934536,31.640968954077323,212.93213692238106,110.0,51.67613818875746,210.39881181124247,132.41594999999995,129.659,31.8456,230.22934999999995,9.5,8.5,wet,293.759
2021-03-31 11:00:00-07:00,2021-03-31 10:00:00,DATA,2021-03-31T093000_smart3-00269.ghg,90.4166,1,18000,18000,-0.0603821,0,,76.7454,0,,200.775,0.0,,-11.2359,0.0,,4.55376,0.0,,,,,,,,,,,,,,-1.5962e-11,-3.33752e-13,,,16.6345,410.131,413.678,0.1,0,347.815,8.5755,8.64968,0.1,0,,,,,9,,,,,9,297.131,295.684,99707.2,1.17097,1010.26,0.0246554,0.295083,0.00626762,855.269,2723.16,0.00535251,31.4073,1867.89,277.871,1.82121,-2.18159,0.16224,2.84649,-7.35275e-14,-9.59568e-16,2.84649,5.07488,230.605,309.855,3.26743,,0.227081,0.468471,-13.2804,-0.276536,0.382245,-0.285688,0,48.9731,-7.43186,16.8109,41.8615,63.8414,89.5385,134.145,-0.0597235,1.01103,86.7892,1.02019,181.011,1.08109,-15.497,1.08109,4.10549,1.08109,,,,,800000099,800000099,800000099,800000099,800000099,800000099,899999999,899999999,89999,89999,89,89,0,1,1,10,5,1,,,,,,,,,,,,0,0,0,0,,,,,,,,,,,,,,,,,,87.0,0.460103,0.383636,0.0932027,0.279988,0.011833,996.154,,,0.0733647,-0.015497,4.10549,,,11.97,410.13,8.57568,4.60329,87.8747,0.187403,1,25.68,11.9695,313.206,462.687,1456.87,0.0,33.4158,486.857,0.0,54.6683,76.0994,72.1027,70.9269,48.507,26.2315,0.158525,0.23005,,783.017,146.679,296.007,25.7843,290.251,289.662,,3,59,0.0,20141.5,90.0,11.98,24.559,0.040466666666666665,24.302666666666667,26.99566666666667,24.307000000000002,0.009566666666666668,26.956333333333337,0.40426666666666666,-0.005566666666666667,24.245,23.438666666666666,24.249000000000002,0.008633333333333333,23.376666666666665,0.34143333333333337,0.0237,24.410666666666668,25.981333333333332,24.417333333333332,0.008766666666666667,25.908,0.2592666666666667,99.7072,0.8552690000000001,298.5636666666666,48.55513333333334,0.0,438.3018666666667,160.7814666666667,783.017,486.857,298.8972384773346,300.9384509900263,44.58859026456636,76.07899809252176,51.35659588502519,0.0,121.20785383013285,317.0940128365338,237.52686666666665,200.775,76.7454,361.55646666666667,11.0,10.0,wet,296.007
2021-03-31 12:30:00-07:00,2021-03-31 11:30:00,DATA,2021-03-31T110000_smart3-00269.ghg,90.479,1,18000,18000,-0.204924,1,,125.526,0,,331.069,0.0,,-11.8247,0.0,,7.52995,0.0,,,,,,,,,,,,,,2.12221e-10,1.8428e-12,,,16.603,413.34,414.829,0.0,0,144.17,3.58919,3.60211,0.0,0,,,,,9,,,,,9,299.057,298.566,99708.0,1.16187,1007.63,0.0248955,0.487941,0.00259794,357.967,3237.73,0.00223601,11.0561,2879.76,266.007,1.43256,0.753272,0.0236157,1.61871,-1.98006e-13,1.27821e-14,1.61871,6.02703,157.102,27.7363,0.835932,,0.41997,1.9323,-51.3248,-0.0715542,0.379155,-0.255305,0,66.1821,-10.0434,22.7182,56.5715,86.2751,121.002,181.283,-0.202502,1.01196,142.926,1.01647,305.936,1.07083,-19.5178,1.07083,6.95832,1.07083,,,,,800000099,800000099,800000099,800000099,800000099,800000199,899999999,899999999,89999,89999,89,89,4,0,0,7,19,21,,,,,,,,,,,,0,0,0,0,,,,,,,,,,,,,,,,,,87.0,1.23275,2.4817,0.150156,0.60348,0.0142254,1539.27,,,0.122083,-0.0195178,6.95832,,,11.9769,413.338,3.58947,-7.59782,87.9451,0.166868,1,28.34,11.9724,315.231,495.304,1754.09,0.0,13.1591,604.886,0.0,54.6683,76.0994,72.1027,117.29,82.1241,65.3875,0.163717,0.230667,,942.169,157.21,298.905,29.604,294.485,289.65,,3,88,0.0,20231.5,90.0,11.979000000000001,26.956666666666667,0.12923333333333334,27.497666666666664,36.406333333333336,27.476,0.0213,36.333999999999996,0.5482,0.040266666666666666,27.587333333333333,30.564,27.570333333333334,0.01856666666666667,30.424,0.5060333333333333,0.05553333333333333,27.649333333333335,31.700666666666667,27.638333333333332,0.014633333333333333,31.770333333333333,0.4765666666666667,99.708,0.357967,305.99277777777775,88.2672,0.0,516.6188,60.02379999999995,942.169,604.886,306.4115973880812,306.154613925693,70.06974820581706,67.67095610712407,105.41768524680124,100.0,142.02759883222546,374.59120116777444,185.54979999999995,331.069,125.526,391.09279999999995,12.5,11.5,wet,298.905
2021-03-31 14:00:00-07:00,2021-03-31 13:00:00,DATA,2021-03-31T123000_smart3-00269.ghg,90.5415,1,18000,18000,-0.119492,1,,121.181,0,,261.868,0.0,,-9.89476,0.0,,5.96013,0.0,,,,,,,,,,,,,,-7.57652e-11,-5.43606e-13,,,16.593,414.311,415.546,0.0,0,119.053,2.97263,2.98149,0.0,0,,,,,9,,,,,9,299.607,299.275,99650.6,1.15872,1007.32,0.024969,0.386216,0.00214533,296.304,3376.58,0.00185147,8.77526,3080.28,263.581,1.68087,1.58861,-0.0339842,2.31305,5.49298e-14,-4.56609e-15,2.31305,9.02496,141.484,43.3836,-0.841842,,0.32113,2.5865,-23.7577,-0.154582,0.462756,-0.323304,0,39.3155,-5.96628,13.4957,33.6063,51.2517,71.8813,107.691,-0.118197,1.01096,134.354,1.0182,240.96,1.07601,-16.8408,1.07601,5.48425,1.07601,,,,,800000099,800000099,800000099,800000099,800000099,800001199,899999999,899999999,89999,89999,89,89,3,1,4,23,36,46,,,,,,,,,,,,0,0,0,0,,,,,,,,,,,,,,,,,,87.0,2.67281,2.17742,0.322784,0.343344,0.00586556,613.568,,,0.115108,-0.0168408,5.48425,,,11.9764,414.312,2.9721,-9.84434,88.0129,0.166699,1,28.9,11.968,317.647,500.705,1776.96,0.0,10.6058,610.24,0.0,71.0341,67.9889,65.864,103.064,115.116,111.772,0.169617,0.228567,,951.986,158.689,299.45,29.81,298.383,289.915,,3,159,0.0,20321.5,90.0,11.98,28.121,0.15200000000000002,29.576,39.973,29.55933333333333,0.027466666666666664,39.79333333333333,0.7529666666666667,0.06566666666666666,29.220333333333333,34.215333333333334,29.211333333333336,0.0227,34.10466666666667,0.5173666666666666,0.050899999999999994,29.375666666666667,33.041000000000004,29.369000000000003,0.030000000000000002,33.00033333333333,0.7099333333333334,99.65060000000001,0.29630399999999996,308.78277777777777,109.984,0.0,500.25600000000003,117.20700000000004,951.986,610.24,309.2296272039632,306.98664146458316,94.29042786855217,72.66464595904351,68.56434080536434,100.0,158.26048974413197,341.9955102558681,238.38800000000003,261.868,121.181,379.07500000000005,14.0,13.0,wet,299.45
2021-03-31 15:30:00-07:00,2021-03-31 14:30:00,DATA,2021-03-31T140000_smart3-00269.ghg,90.604,1,18000,18000,-0.223723,0,,82.3423,0,,207.049,0.0,,-7.593,0.0,,4.71117,0.0,,,,,,,,,,,,,,1.41979e-11,1.07944e-13,,,16.6163,414.761,416.073,0.0,0,126.33,3.15335,3.16332,0.0,0,,,,,9,,,,,9,299.418,298.996,99589.1,1.15901,1007.41,0.0249611,0.305284,0.00227647,314.123,3321.34,0.00196416,9.45774,3007.21,264.325,3.26356,-0.104564,0.0837617,3.26631,-3.08805e-13,8.54456e-16,3.26631,8.89437,181.047,358.165,1.46946,,0.439352,2.74208,-89.5012,-0.041033,0.397694,-0.160517,0,48.2659,-7.32453,16.5681,41.2569,62.9195,88.2454,132.208,-0.221212,1.01135,92.5811,1.02199,188.941,1.08545,-12.4064,1.08545,4.29914,1.08545,,,,,800000099,800000099,800000099,800000099,800000099,800101199,899999999,899999999,89999,89999,89,89,3,3,7,16,34,37,,,,,,,,,,,,0,0,0,0,,,,,,,,,,,,,,,,,,87.0,1.97325,3.1491,0.361813,0.249099,0.00387019,481.867,,,0.0792926,-0.0124064,4.29914,,,11.9703,414.76,3.15332,-9.0486,88.1577,0.186421,1,28.93,11.9586,315.834,485.159,1523.8,0.0,11.1365,494.42,0.0,71.0341,67.9889,65.864,91.2663,93.655,117.72,0.169125,0.2315,,815.754,152.01,299.343,28.8914,300.688,290.515,,3,197,0.0,20411.5,90.0,11.979666666666667,28.18433333333333,0.11466666666666667,28.96833333333333,36.849000000000004,28.961333333333336,0.027766666666666665,36.868,0.8373333333333334,0.0545,28.769333333333336,32.876999999999995,28.764,0.022766666666666668,32.787333333333336,0.6960333333333334,0.04013333333333333,28.930666666666664,31.76966666666667,28.925333333333334,0.026533333333333336,31.834999999999997,0.7043333333333333,99.5891,0.314123,306.9801111111111,100.88043333333333,0.0,393.5395666666667,104.1482666666667,815.754,494.42,307.4081836346507,304.5440718786574,114.49726501289759,73.83694311475608,54.035112776588996,0.0,111.97625174059021,281.5633149260765,186.49056666666667,207.049,82.3423,311.1972666666667,15.5,14.5,wet,299.343
2021-04-01 11:00:00-07:00,2021-04-01 10:00:00,DATA,2021-04-01T093000_smart3-00269.ghg,91.4166,1,18000,18000,-0.110279,0,,100.429,0,,288.686,0.0,,-12.07,0.0,,6.56945,0.0,,,,,,,,,,,,,,-4.1693e-10,-3.77561e-12,,,16.4745,412.768,414.317,0.0,0,149.189,3.73792,3.75195,0.0,0,,,,,9,,,,,9,299.771,299.113,99254.6,1.15441,1007.72,0.025055,0.425701,0.00268838,371.106,3344.29,0.0023288,11.0967,2973.18,266.475,-1.96807,0.837583,-0.118779,2.14218,-1.56455e-14,-2.53076e-14,2.14218,4.8045,23.3221,156.946,-3.17853,,0.309077,0.597923,-25.4891,-0.144081,0.347882,-0.279312,0,54.3967,-8.25491,18.6726,46.4975,70.9116,99.4545,149.001,-0.109072,1.01106,115.622,1.01765,265.893,1.07455,-18.1816,1.07455,6.05077,1.07455,,,,,800000099,800000099,800000099,800000099,800000099,800001199,899999999,899999999,89999,89999,89,89,2,3,1,11,19,22,,,,,,,,,,,,0,0,0,0,,,,,,,,,,,,,,,,,,87.0,0.54426,0.518797,0.132789,0.368351,0.0125146,1308.74,,,0.0993895,-0.0181816,6.05077,,,11.98,412.767,3.73819,-7.04295,87.9635,0.185094,1,27.76,11.9615,324.592,479.293,1460.23,0.0,12.8254,477.149,0.0,79.8256,76.9236,72.6707,52.1115,56.9801,30.0308,0.156525,0.226925,,775.297,143.446,299.423,30.0224,291.487,290.375,,3,97,0.0,21581.5,91.0,11.978000000000002,26.755999999999997,0.04386666666666667,27.736666666666668,30.673333333333336,27.721999999999998,0.013233333333333335,30.633,0.25046666666666667,-0.014133333333333333,27.911333333333335,26.435333333333332,27.89333333333333,0.014733333333333333,26.426666666666666,0.28659999999999997,0.006633333333333334,28.13133333333333,28.365333333333336,28.099,0.0202,28.278333333333332,0.2514,99.25460000000001,0.371106,301.596,46.37413333333333,0.0,430.77486666666664,41.65986666666666,775.297,477.149,301.9323159130644,303.58613893671014,29.12886936051878,48.32692830175662,74.64438683275374,0.0,111.18124226633944,319.59362440032726,142.0888666666667,288.686,100.429,330.34586666666667,11.0,10.0,wet,299.423
2021-04-01 12:30:00-07:00,2021-04-01 11:30:00,DATA,2021-04-01T110000_smart3-00269.ghg,91.479,1,18000,18000,-0.0819597,0,,128.998,0,,309.164,0.0,,-10.6598,0.0,,7.03834,0.0,,,,,,,,,,,,,,-3.83967e-11,-4.14552e-13,,,16.4494,412.803,414.651,0.1,0,177.597,4.45685,4.4768,0.1,0,,,,,9,,,,,9,300.122,299.532,99233.9,1.15224,1008.13,0.0250953,0.456084,0.00320029,442.389,3428.15,0.00277746,12.9046,2985.76,268.785,0.679912,-3.13572,0.272051,3.2201,9.70949e-15,-2.33423e-15,3.2201,7.40904,255.685,282.234,4.84642,,0.266704,1.3136,-12.7499,-0.288042,0.417249,-0.416388,0,43.3538,-6.5791,14.8819,37.0582,56.516,79.2645,118.753,-0.0810433,1.01131,144.242,1.02178,281.018,1.08496,-18.1245,1.08496,6.39757,1.08496,,,,,800000099,800000099,800000099,800000099,800000099,800000099,899999999,899999999,89999,89999,89,89,1,11,2,6,10,10,,,,,,,,,,,,0,0,0,0,,,,,,,,,,,,,,,,,,87.0,0.747367,1.70548,0.174362,0.415484,0.00938264,1198.32,,,0.124175,-0.0181245,6.39757,,,11.9808,412.803,4.45698,-4.64283,87.9244,0.16418,1,30.33,11.9593,327.013,495.742,1758.17,0.0,14.8675,612.774,0.0,79.8256,76.9236,72.6707,82.7083,83.1298,65.465,0.161342,0.225792,,935.009,153.506,299.88,29.9377,295.644,290.35,,3,55,0.0,21671.5,91.0,11.975,29.959999999999997,0.10403333333333334,29.476,36.632,29.483,0.0151,36.646,0.6394333333333333,0.013666666666666666,29.459999999999997,30.290666666666667,29.478,0.017533333333333335,30.275333333333332,0.5267666666666666,0.03663333333333333,30.02733333333333,32.60766666666667,30.043999999999997,0.015033333333333334,32.581,0.3925,99.23389999999999,0.44238900000000003,306.31744444444445,77.10103333333333,0.0,535.6729666666666,97.51096666666666,935.009,612.774,306.71343072909985,306.193904062465,61.66924453948844,56.98070399234343,45.097109173239225,0.0,157.70592007993997,377.96704658672667,226.50896666666665,309.164,128.998,406.67496666666665,12.5,11.5,wet,299.88
2021-04-01 14:00:00-07:00,2021-04-01 13:00:00,DATA,2021-04-01T123000_smart3-00269.ghg,91.5415,1,18000,18000,-0.0978658,0,,117.406,0,,307.294,0.0,,-10.895,0.0,,6.99825,0.0,,,,,,,,,,,,,,-2.77398e-11,-2.33356e-13,,,16.48,414.44,415.89,0.1,0,138.635,3.48641,3.49861,0.1,0,,,,,9,,,,,9,300.248,299.897,99146.6,1.15024,1007.61,0.0251481,0.453486,0.00249821,345.758,3502.65,0.00217189,9.87133,3156.89,265.558,1.16643,-2.44198,0.206931,2.71416,-7.92335e-16,-1.68324e-15,2.71416,6.04069,244.331,295.532,4.37255,,0.291689,1.09864,-18.3121,-0.20055,0.382064,-0.347285,0,48.6147,-7.37746,16.6878,41.5551,63.3741,88.8831,133.163,-0.096804,1.01097,133.126,1.01966,281.696,1.07977,-17.9321,1.07977,6.41528,1.07977,,,,,800000099,800000099,800000099,800000099,800000099,800000099,899999999,899999999,89999,89999,89,89,0,2,2,8,15,15,,,,,,,,,,,,0,0,0,0,,,,,,,,,,,,,,,,,,87.0,0.937006,1.10364,0.156633,0.385942,0.00928465,1285.85,,,0.114863,-0.0179321,6.41528,,,11.9797,414.44,3.4865,-8.01041,87.9711,0.165293,1,30.01,11.959,326.793,503.981,1782.84,0.0,11.654,608.304,0.0,71.2721,73.3723,66.5833,104.268,95.1815,98.297,0.163842,0.227383,,941.032,155.539,300.087,30.4114,299.336,290.625,,3,178,0.0,21761.5,91.0,11.976333333333335,28.958333333333332,0.1367,29.773666666666667,39.148,29.779,0.0167,39.06333333333334,0.8017333333333333,0.048666666666666664,29.295666666666666,32.953,29.301333333333332,0.013033333333333334,32.964333333333336,0.5542,0.06443333333333333,30.18433333333333,34.89966666666667,30.190333333333335,0.010633333333333333,34.751,0.42153333333333337,99.1466,0.34575799999999995,308.74288888888884,99.24883333333332,0.0,509.05516666666665,84.35516666666666,941.032,608.304,309.169287844127,307.4735634959505,89.87695064806526,73.0963182601219,56.51137250839576,0.0,140.72552601287185,368.3296406537948,201.76116666666667,307.294,117.406,391.64916666666664,14.0,13.0,wet,300.087
2021-04-01 15:30:00-07:00,2021-04-01 14:30:00,DATA,2021-04-01T140000_smart3-00269.ghg,91.604,1,18000,18000,-0.119184,0,,116.375,0,,271.491,0.0,,-12.5263,0.0,,6.16965,0.0,,,,,,,,,,,,,,1.62927e-11,2.31818e-13,,,16.6581,416.068,418.546,0.1,0,237.017,5.91997,5.95522,0.1,0,,,,,9,,,,,9,298.324,297.694,99092.4,1.15706,1008.87,0.024977,0.399794,0.00427104,586.781,3073.72,0.0036913,19.0903,2486.94,272.594,0.995702,-2.82767,0.241091,3.00754,-3.99241e-14,9.78067e-16,3.00754,6.85543,250.001,289.399,4.5979,,0.320946,1.29292,-24.608,-0.14924,0.428651,-0.310627,0,45.6912,-6.93381,15.6843,39.0561,59.5631,83.538,125.155,-0.117872,1.01113,129.706,1.02086,246.036,1.08273,-19.0928,1.08273,5.59119,1.08273,,,,,800000099,800000099,800000099,800000099,800000099,800000099,899999999,899999999,89999,89999,89,89,8,1,1,2,4,6,,,,,,,,,,,,0,0,0,0,,,,,,,,,,,,,,,,,,87.0,0.695089,1.66931,0.221434,0.436124,0.00924236,1175.45,,,0.111115,-0.0190928,5.59119,,,11.98,416.068,5.91973,-0.747609,88.0237,0.183641,1,29.5167,11.9617,318.66,481.927,1530.72,0.0,20.8296,495.383,0.0,71.2721,73.3723,66.5833,94.8407,84.2959,102.353,0.165775,0.22925,,806.75,148.1,297.974,27.9578,301.637,291.21,,3,179,0.0,21851.5,91.0,11.977666666666668,28.851666666666667,0.10833333333333334,29.461333333333336,36.92333333333333,29.473,0.015333333333333334,36.95733333333333,0.5841,0.0422,28.529666666666667,31.663999999999998,28.544666666666668,0.019433333333333334,31.670666666666666,0.4873,0.04633333333333333,29.584999999999997,32.92133333333333,29.598000000000003,0.018666666666666668,32.928666666666665,0.3813333333333333,99.0924,0.586781,307.0022222222222,93.82986666666666,0.0,401.55313333333334,13.68713333333335,806.75,495.383,307.4344042196723,304.038755150047,95.14178497846949,60.992280777282254,52.95106968863096,0.0,120.48167638222135,281.071456951112,130.06213333333335,271.491,116.375,285.17813333333334,15.5,14.5,wet,297.974
2022-01-18 10:30:00-08:00,2022-01-18 10:30:00,DATA,2022-01-18T100000_smart3-00269.ghg,18.4374,1,18000,18000,-0.0772116,0,,78.9298,0,,116.397,0.0,,-12.0565,0.0,,2.61589,0.0,,,,,,,,,,,,,,-7.32852e-11,-2.20452e-12,,,17.8103,425.023,430.528,-0.1,0,535.757,12.7853,12.9508,-0.1,0,,,,,9,,,,,9,288.707,286.173,99700.4,1.20787,1012.38,0.0238639,0.16951,0.00965434,1275.04,1495.48,0.00799285,85.2593,220.445,283.723,-0.874265,1.43011,-0.135111,1.68161,4.86734e-14,-4.11477e-15,1.68161,5.35237,58.0008,121.439,-4.60846,,0.252831,0.989681,-17.8305,-0.205967,0.678107,-0.255298,0,44.0844,-6.68997,15.1327,37.6826,57.4684,80.6003,120.754,-0.0763119,1.01179,84.1599,1.01656,102.252,1.07119,-16.0435,1.07119,2.29799,1.07119,,,,,800000099,800000099,800000099,800000099,800000099,800001199,899999999,899999999,89999,89999,89,89,18,3,1,37,30,21,,,,,,,,,,,,0,0,0,0,,,,,,,,,,,,,,,,,,87.0,0.786385,1.04269,0.150283,0.253816,0.0128845,224.758,,,0.0688243,-0.0160435,2.29799,,,11.94,425.021,12.7854,10.4988,88.4156,0.199714,1,13.8267,11.921,310.365,395.328,910.971,0.0,87.2628,292.209,0.0,65.0645,62.6512,76.8441,2.28524,11.7569,1.70187,0.238633,0.25575,,471.866,94.6934,286.14,14.1155,286.038,286.55,,3,251,,442090.5,18.0,11.968666666666667,11.823,0.004966666666666666,12.219333333333333,12.261,12.212666666666667,0.0049,12.271333333333333,0.0505,0.0012333333333333332,11.968333333333334,11.637666666666666,11.965333333333332,0.005066666666666666,11.650333333333332,0.0627,0.003,12.142,12.052666666666665,12.136333333333333,0.005233333333333334,12.069666666666667,0.09133333333333334,99.70039999999999,1.27504,285.1471111111111,5.248003333333333,0.0,286.9609966666667,91.6341966666667,471.866,292.209,285.31606490120663,289.21072437847084,-12.775788044571609,47.614094678204395,90.87436430247168,0.0,115.95835325567545,171.00264341099123,170.5639966666667,116.397,78.9298,208.0311966666667,10.5,10.5,wet,286.14
2022-01-18 11:30:00-08:00,2022-01-18 11:30:00,DATA,2022-01-18T110000_smart3-00269.ghg,18.479,1,18000,18000,-0.20325,0,,143.617,0,,175.828,0.0,,-16.6447,0.0,,3.95757,0.0,,,,,,,,,,,,,,7.66367e-11,2.35001e-12,,,17.6366,423.446,429.016,0.0,0,540.816,12.9847,13.1555,0.0,0,,,,,9,,,,,9,290.216,287.764,99647.3,1.20046,1012.52,0.0240094,0.256451,0.00974551,1294.24,1658.39,0.00811813,78.0419,364.15,283.947,-2.77818,2.31198,-0.282671,3.62539,4.97101e-14,4.34531e-15,3.62539,7.62103,40.4777,140.233,-4.47189,,0.411473,1.33371,-42.2272,-0.08697,0.816803,-0.287153,0,49.7413,-7.54843,17.0746,42.5181,64.8428,90.9429,136.249,-0.200888,1.01176,150.057,1.02362,150.252,1.08936,-23.4655,1.08936,3.38189,1.08936,,,,,800000099,800000099,800000099,800000099,800000099,800000099,899999999,899999999,89999,89999,89,89,4,9,0,1,4,3,,,,,,,,,,,,0,0,0,0,,,,,,,,,,,,,,,,,,87.0,1.04012,1.33296,0.29434,0.341376,0.0115426,242.281,,,0.123454,-0.0234655,3.38189,,,11.94,423.445,12.9848,10.723,88.4597,0.194143,1,16.3967,11.9159,308.137,406.535,1168.75,0.0,79.546,382.409,0.0,65.0645,62.6512,76.8441,24.5905,52.7939,18.765,0.236125,0.25605,,596.632,115.825,287.881,16.5259,286.697,286.55,,3,71,,442150.5,18.0,11.969,15.786333333333333,0.0144,16.132333333333335,16.918,16.123666666666665,0.013433333333333334,16.886333333333333,0.28393333333333337,0.0002999999999999999,15.796333333333333,15.406,15.790333333333333,0.0143,15.385333333333334,0.2949,0.014766666666666668,16.237666666666666,17.11,16.221999999999998,0.015000000000000001,17.073,0.3143666666666667,99.6473,1.29424,289.5982222222222,32.0498,0.0,350.3592,30.914199999999994,596.632,382.409,289.84040868606525,291.27003867428374,16.600014457499892,28.71176972431911,46.35444117544211,0.0,157.51549476873953,192.84370523126046,174.53119999999998,175.828,143.617,206.7422,11.5,11.5,wet,287.881
2022-01-18 12:30:00-08:00,2022-01-18 12:30:00,DATA,2022-01-18T120000_smart3-00269.ghg,18.5207,1,18000,18000,-0.301368,0,,115.557,0,,153.504,0.0,,-15.2573,0.0,,3.46042,0.0,,,,,,,,,,,,,,-1.95446e-10,-6.19217e-12,,,17.4152,420.689,426.372,0.0,0,551.752,13.3284,13.5084,0.0,0,,,,,9,,,,,9,291.514,289.367,99592.3,1.193,1012.74,0.0241564,0.224235,0.00994258,1327.76,1837.98,0.0083341,72.2403,510.216,284.332,-1.76024,1.19919,-0.105475,2.13252,1.37938e-13,-1.12227e-14,2.13252,9.40283,32.8533,145.735,-2.83502,,0.502607,1.97907,-95.6157,-0.038409,0.7528,-0.190296,0,62.642,-9.50616,21.503,53.5454,81.6601,114.529,171.586,-0.298068,1.01107,122.237,1.01762,133.431,1.07447,-20.9123,1.07447,3.00793,1.07447,,,,,800000099,800000099,800000099,800000099,800000099,800000099,899999999,899999999,89999,89999,89,89,6,2,0,13,21,22,,,,,,,,,,,,0,0,0,0,,,,,,,,,,,,,,,,,,87.0,2.00597,1.70543,0.246748,0.410466,0.0143095,320.676,,,0.101173,-0.0209123,3.00793,,,11.9472,420.687,13.3285,11.1063,88.484,0.194321,1,17.6067,11.9039,313.986,418.064,1138.69,0.0,74.7384,389.904,0.1,65.0193,59.7177,72.5567,35.8262,79.5966,36.1262,0.240525,0.256,,613.129,119.147,289.268,18.4576,287.562,286.55,,3,67,,442210.5,18.0,11.968666666666667,17.81433333333333,0.013933333333333332,16.935333333333332,17.680333333333333,16.920666666666666,0.012566666666666667,17.689,0.2592333333333333,0.0014666666666666667,16.743333333333332,16.47,16.726666666666667,0.013233333333333335,16.471333333333334,0.30240000000000006,0.0143,17.579666666666665,18.41166666666667,17.567666666666664,0.0112,18.420666666666666,0.3286,99.59230000000001,1.32776,290.67699999999996,50.51633333333333,0.0,339.3876666666667,70.3266666666667,613.129,389.904,290.9154438004005,293.3279781936864,17.24484041096429,42.49836990196306,83.02753877862065,0.0,145.76107498671306,193.6265916799536,185.88366666666667,153.504,115.557,223.83066666666667,12.5,12.5,wet,289.268
2022-01-18 13:30:00-08:00,2022-01-18 13:30:00,DATA,2022-01-18T130000_smart3-00269.ghg,18.5624,1,18000,18000,-0.156336,1,,112.004,0,,166.695,0.0,,-16.1994,0.0,,3.76082,0.0,,,,,,,,,,,,,,-2.03907e-10,-6.22843e-12,,,17.1528,415.72,421.067,0.0,0,523.939,12.6984,12.8617,0.0,0,,,,,9,,,,,9,292.272,290.203,99550.9,1.18935,1012.41,0.0242363,0.243701,0.00944139,1264.47,1938.3,0.00793826,65.2362,673.827,283.598,-1.92188,-1.16849,0.135308,2.25328,-6.54485e-14,-1.18877e-14,2.25328,6.43292,329.899,211.299,3.44263,,0.362555,1.95145,-37.0135,-0.0992207,0.671911,-0.256564,0,57.314,-8.69763,19.6741,48.9912,74.7146,104.788,156.992,-0.154636,1.01099,119.472,1.018,146.105,1.07549,-21.6284,1.07549,3.29629,1.07549,,,,,800000099,800000099,800000099,800000099,800000099,800000099,899999999,899999999,89999,89999,89,89,2,1,2,2,3,1,,,,,,,,,,,,0,0,0,0,,,,,,,,,,,,,,,,,,87.0,2.83791,0.904649,0.160345,0.307347,0.0147465,371.427,,,0.0992199,-0.0216284,3.29629,,,11.93,415.719,12.6984,10.3705,88.5167,0.200402,1,18.87,11.9141,316.006,420.306,1150.6,0.0,68.2346,360.17,0.0,65.0029,58.651,70.9977,36.4235,82.4374,44.1117,0.2403,0.256183,,580.869,116.399,290.179,18.8712,288.313,286.635,,3,8,,442270.5,18.0,11.967000000000002,19.907666666666668,0.0073,18.67366666666667,18.917333333333332,18.682000000000002,0.013233333333333335,18.851333333333333,0.24293333333333333,0.0013333333333333333,18.230999999999998,17.959999999999997,18.221,0.012566666666666667,17.939,0.25786666666666663,0.006066666666666666,19.014,19.178333333333335,19.026,0.0157,19.13,0.34446666666666664,99.5509,1.26447,291.79011111111106,54.3242,0.0,305.8458,27.1468,580.869,360.17,292.0374245547301,293.7132818105242,20.00485779328202,38.04448495956773,73.72899212089374,100.0,122.91379941513964,182.93200058486036,139.1508,166.695,112.004,193.84179999999998,13.5,13.5,wet,290.179
2022-01-18 14:30:00-08:00,2022-01-18 14:30:00,DATA,2022-01-18T140000_smart3-00269.ghg,18.604,1,18000,18000,-0.266462,0,,115.294,0,,137.418,0.0,,-11.4145,0.0,,3.09619,0.0,,,,,,,,,,,,,,-2.54385e-10,-7.52061e-12,,,17.3169,417.727,422.95,0.0,0,511.955,12.3496,12.504,0.0,0,,,,,9,,,,,9,291.478,288.824,99545.6,1.19512,1012.18,0.0241225,0.200633,0.00922543,1229.68,1775.34,0.00771923,69.2643,545.663,283.18,-3.50728,1.20303,-0.203682,3.71346,2.49475e-13,-1.469e-14,3.71346,7.51358,19.1727,161.068,-3.14423,,0.472184,1.35476,-79.4233,-0.0462396,0.838998,-0.201846,0,55.9151,-8.48534,19.1939,47.7954,72.891,102.231,153.16,-0.263336,1.01187,120.245,1.02404,117.599,1.09034,-16.8961,1.09034,2.64963,1.09034,,,,,800000099,800000099,800000099,800000099,800000099,800000099,899999999,899999999,89999,89999,89,89,1,8,0,7,9,4,,,,,,,,,,,,0,0,0,0,,,,,,,,,,,,,,,,,,87.0,1.03318,1.38703,0.289307,0.205093,0.00694228,209.974,,,0.0994017,-0.0168961,2.64963,,,11.93,417.727,12.3498,9.95686,88.5711,0.210676,1,19.7533,11.9318,311.494,409.728,964.635,0.0,70.4411,286.105,0.0,65.0029,58.651,70.9977,30.8875,72.7334,42.5506,0.239,0.255625,,486.886,102.547,289.116,17.8808,288.778,286.65,,3,232,,442330.5,18.0,11.969,20.718,0.0007333333333333334,18.887999999999998,18.62633333333333,18.90533333333333,0.01583333333333333,18.69,0.24486666666666668,-0.0063,18.84733333333333,17.930666666666664,18.863333333333333,0.011466666666666665,18.012999999999998,0.2216,0.003266666666666667,18.946666666666665,18.883666666666667,18.963,0.016466666666666668,18.988999999999997,0.317,99.54560000000001,1.22968,291.714,48.72383333333334,0.0,237.38116666666667,-15.33083333333333,486.886,286.105,291.976497705436,291.8299964677559,30.051677937397578,28.51257234614853,47.23673913521778,0.0,108.2996621833022,129.08150448336448,99.96316666666667,137.418,115.294,122.08716666666668,14.5,14.5,wet,289.116
2022-01-25 10:30:00-08:00,2022-01-25 10:30:00,DATA,2022-01-25T100000_smart3-00269.ghg,25.4374,1,18000,18000,-0.112182,0,,130.751,0,,191.067,0.0,,-18.9003,0.0,,4.29126,0.0,,,,,,,,,,,,,,-6.92974e-11,-1.7172e-12,,,17.5724,419.767,424.179,0.0,0,435.448,10.4019,10.5112,0.0,0,,,,,9,,,,,9,288.272,285.507,99368.8,1.20776,1011.03,0.0238878,0.278074,0.00784677,1033.9,1431.55,0.00649698,72.2226,397.647,280.616,-2.0437,2.05004,-0.237739,2.90446,2.57054e-15,-3.94354e-15,2.90446,7.17277,46.0344,134.911,-4.69508,,0.30477,0.987036,-18.8003,-0.195343,0.684321,-0.351341,0,42.7736,-6.49107,14.6828,36.5623,55.7598,78.2039,117.164,-0.110955,1.01106,138.704,1.02043,168.08,1.08167,-25.2317,1.08167,3.77499,1.08167,,,,,800000099,800000099,800000099,800000099,800000099,800000099,899999999,899999999,89999,89999,89,89,6,3,1,5,11,2,,,,,,,,,,,,0,0,0,0,,,,,,,,,,,,,,,,,,87.0,0.963802,0.774784,0.235485,0.336706,0.0159409,439.417,,,0.113591,-0.0252317,3.77499,,,11.94,419.765,10.4018,7.38404,88.3163,0.210625,1,13.5967,11.9398,279.701,391.057,1011.88,0.0,74.1331,315.6,0.0,64.7888,63.6144,77.9445,12.848,19.6326,4.7154,0.204708,0.237625,,540.835,113.879,285.647,14.4166,282.953,284.772,,3,200,,452170.5,25.0,11.967666666666668,12.563333333333333,0.012333333333333333,12.558333333333334,13.180666666666667,12.531,0.0181,13.125333333333334,0.1875,0.004533333333333334,12.488,12.439333333333334,12.460666666666667,0.018500000000000003,12.396666666666667,0.19720000000000001,0.011733333333333333,13.046333333333333,13.661,13.023333333333333,0.016,13.596,0.2049,99.36880000000001,1.0339,286.1893333333333,12.398666666666669,0.0,303.20133333333337,-18.616666666666646,540.835,315.6,286.46038273192556,288.49230075310663,7.609910271051175,26.620289041588826,52.999002166636394,0.0,123.18725967679455,180.0140736565388,112.13433333333336,191.067,130.751,172.45033333333336,10.5,10.5,wet,285.647
2022-01-25 11:30:00-08:00,2022-01-25 11:30:00,DATA,2022-01-25T110000_smart3-00269.ghg,25.479,1,18000,18000,-0.0955813,0,,116.063,0,,152.122,0.0,,-17.4018,0.0,,3.42126,0.0,,,,,,,,,,,,,,-8.3564e-12,-1.99562e-13,,,17.4707,419.388,423.631,0.0,0,417.223,10.0155,10.1169,0.0,0,,,,,9,,,,,9,288.82,286.936,99377.7,1.20202,1010.85,0.0240053,0.221698,0.00751836,995.588,1571.74,0.00625474,63.3432,576.149,280.065,0.145842,2.26005,-0.105362,2.2672,-8.44678e-14,-4.78309e-16,2.2672,5.48359,91.5274,86.3078,-2.66363,,0.281987,1.09709,-16.7765,-0.218907,0.76296,-0.338739,0,47.1976,-7.16242,16.2014,40.3438,61.5268,86.2922,129.282,-0.094543,1.01098,122.499,1.01804,134.27,1.07561,-22.9199,1.07561,3.01978,1.07561,,,,,800000099,800000099,800000099,800000099,800000099,800000099,899999999,899999999,89999,89999,89,89,0,0,0,11,14,8,,,,,,,,,,,,0,0,0,0,,,,,,,,,,,,,,,,,,87.0,1.21078,0.825775,0.157623,0.336145,0.0160299,458.451,,,0.100817,-0.0229199,3.01978,,,11.92,419.388,10.0155,6.83162,88.306,0.202472,1,15.78,11.9216,285.067,405.732,1196.4,0.0,65.7722,385.237,0.0,64.7888,63.6144,77.9445,31.5273,48.3471,21.0516,0.203675,0.23965,,634.328,128.426,286.998,16.1174,284.11,284.75,,3,236,,452230.5,25.0,11.968333333333334,15.360000000000001,0.017366666666666666,15.727,16.736666666666668,15.694333333333333,0.020433333333333335,16.761,0.2199,0.002433333333333334,15.457666666666666,15.251,15.434,0.016833333333333332,15.309,0.25853333333333334,0.0113,15.669333333333332,16.25433333333333,15.657,0.011666666666666665,16.278000000000002,0.35413333333333336,99.37769999999999,0.9955879999999999,289.26599999999996,33.641999999999996,0.0,351.595,83.41000000000001,634.328,385.237,289.5654233121507,291.18692435274136,26.92625273278807,43.93199799450282,66.82262122476806,0.0,152.16052532766562,199.43447467233443,199.473,152.122,116.063,235.53200000000004,11.5,11.5,wet,286.998
2022-01-25 12:30:00-08:00,2022-01-25 12:30:00,DATA,2022-01-25T120000_smart3-00269.ghg,25.5207,1,18000,18000,-0.0789859,0,,148.512,0,,165.225,0.0,,-19.1082,0.0,,3.72082,0.0,,,,,,,,,,,,,,1.24283e-10,2.67399e-12,,,17.3291,418.162,421.958,-0.1,0,372.841,8.99691,9.07859,-0.1,0,,,,,9,,,,,9,289.775,288.298,99330.5,1.19624,1010.31,0.0241307,0.241109,0.0067186,893.907,1716.4,0.00561643,52.0804,822.49,278.505,-0.0173635,2.07723,-0.100461,2.07973,-7.24779e-14,7.17193e-15,2.07973,5.07919,89.2947,90.4789,-2.76873,,0.25696,0.852342,-9.91594,-0.370363,0.898846,-0.478212,0,46.6035,-7.07226,15.9975,39.836,60.7524,85.2061,127.654,-0.0781175,1.01112,155.245,1.01747,145.881,1.07404,-26.1169,1.07404,3.2852,1.07404,,,,,800000099,800000099,800000099,800000099,800000099,800001099,899999999,899999999,89999,89999,89,89,3,3,0,26,24,22,,,,,,,,,,,,0,0,0,0,,,,,,,,,,,,,,,,,,87.0,0.760936,0.808651,0.135097,0.444983,0.0196891,453.785,,,0.128453,-0.0261169,3.2852,,,11.91,418.162,8.99689,5.26895,88.3685,0.201101,1,16.98,11.8976,290.716,415.402,1189.26,0.0,55.1717,404.064,0.1,65.7495,61.2796,73.3802,39.5558,71.8667,38.5098,0.202292,0.239375,,661.847,133.097,288.325,17.76,285.315,284.75,,3,249,,452290.5,25.0,11.967333333333334,17.151666666666664,0.015766666666666665,18.374000000000002,19.253666666666668,18.360333333333333,0.011899999999999999,19.257333333333335,0.1892,-0.0001666666666666667,17.285333333333334,16.881999999999998,17.273,0.0107,16.891666666666666,0.20093333333333335,0.014133333333333333,17.124666666666666,17.947333333333333,17.107333333333333,0.012666666666666666,17.987000000000002,0.32406666666666667,99.3305,0.893907,291.19533333333334,49.97743333333333,0.0,354.08656666666667,40.349566666666675,661.847,404.064,291.5040363907459,292.9114547269037,25.920276794666332,37.39566378466507,66.83388062475403,0.0,167.6120578344282,186.47450883223846,188.86156666666668,165.225,148.512,205.57456666666667,12.5,12.5,wet,288.325
2022-01-25 13:30:00-08:00,2022-01-25 13:30:00,DATA,2022-01-25T130000_smart3-00269.ghg,25.5624,1,18000,18000,-0.0645749,0,,109.325,0,,183.383,0.0,,-17.2199,0.0,,4.13579,0.0,,,,,,,,,,,,,,-2.62959e-10,-4.78064e-12,,,17.1221,415.637,418.802,-0.1,0,311.283,7.55636,7.61389,-0.1,0,,,,,9,,,,,9,290.567,289.819,99261.3,1.18978,1009.56,0.0242749,0.267999,0.00560932,750.255,1891.68,0.00471457,39.6607,1141.43,276.01,-0.0770636,0.313685,-0.0293975,0.324347,-1.67461e-13,-1.53579e-14,0.324347,3.4304,92.2042,103.803,-5.20019,,0.232969,1.06349,-10.0315,-0.366096,0.596156,-0.390683,0,47.9277,-7.27321,16.452,40.9679,62.4786,87.6271,131.281,-0.0623055,1.03642,116.468,1.02932,164.108,1.0826,-22.4611,1.0826,3.70109,1.0826,,,,,800000099,800000099,800000099,800000099,800000099,800011199,899999999,899999999,89999,89999,89,89,3,0,0,29,25,26,,,,,,,,,,,,0,0,0,0,,,,,,,,,,,,,,,,,,87.0,1.11394,0.909498,0.103535,0.29534,0.0177075,477.517,,,0.0969639,-0.0224611,3.70109,,,11.9177,415.636,7.55614,2.76609,88.3985,0.205929,1,18.28,11.9072,292.99,421.423,1201.69,0.0,42.992,371.24,0.0,66.0989,60.4306,71.7205,37.7356,76.1754,49.2461,0.20175,0.238275,,629.238,129.565,289.701,19.5377,286.35,284.795,,3,98,,452350.5,25.0,11.968333333333334,19.023666666666667,0.0070999999999999995,19.765,19.990666666666666,19.767333333333333,0.015700000000000002,20.083333333333332,0.2285,-0.0008666666666666666,18.488999999999997,18.028333333333332,18.474,0.017866666666666666,18.075666666666667,0.22056666666666666,0.0086,18.987333333333332,19.36,18.96966666666667,0.016033333333333333,19.391666666666666,0.3169333333333333,99.2613,0.750255,292.3335555555555,54.38570000000001,0.0,316.8543,24.14630000000001,629.238,371.24,292.6473891830113,293.9662689745925,32.44057358063965,46.961811022558706,429.4531929532731,0.0,118.3435244253659,198.51077557463412,133.47130000000004,183.383,109.325,207.52930000000003,13.5,13.5,wet,289.701
2022-01-25 14:30:00-08:00,2022-01-25 14:30:00,DATA,2022-01-25T140000_smart3-00269.ghg,25.604,1,18000,18000,-0.076894,0,,67.0321,0,,155.235,0.0,,-17.9621,0.0,,3.49925,0.0,,,,,,,,,,,,,,-1.89808e-10,-5.02628e-12,,,17.026,412.644,417.202,0.1,0,450.863,10.9272,11.0479,0.1,0,,,,,9,,,,,9,291.285,289.31,99245.7,1.19016,1011.4,0.0242361,0.226751,0.00812456,1084.77,1831.39,0.00682642,59.2318,746.626,281.321,1.6273,-1.58452,0.125644,2.27477,-1.06216e-13,-1.11481e-14,2.27477,5.14124,224.163,315.763,3.16626,,0.254181,0.555597,-21.2583,-0.172756,0.431811,-0.219083,0,55.6324,-8.44244,19.0968,47.5538,72.5225,101.714,152.386,-0.076059,1.01098,74.595,1.01807,139.158,1.07567,-21.0877,1.07567,3.13685,1.07567,,,,,800000099,800000099,800000099,800000099,800000099,800000099,899999999,899999999,89999,89999,89,89,1,4,2,14,14,5,,,,,,,,,,,,0,0,0,0,,,,,,,,,,,,,,,,,,87.0,0.54715,0.479141,0.0849033,0.230906,0.0216264,539.997,,,0.0619696,-0.0210877,3.13685,,,11.9156,412.643,10.9273,8.08671,88.406,0.216655,1,20.02,11.9177,298.219,415.443,1006.17,0.0,60.3206,295.131,0.0,66.0989,60.4306,71.7205,34.5522,65.4688,47.9326,0.206425,0.236733,,526.33,113.975,289.726,18.6625,286.962,285.01,,3,104,,452410.5,25.0,11.968333333333334,20.355666666666664,-0.010566666666666667,20.803333333333335,19.686666666666667,20.81866666666667,0.0252,19.764,0.25003333333333333,-0.0128,19.854333333333333,18.384666666666664,19.873333333333335,0.027766666666666665,18.4,0.2767,-0.006766666666666667,20.395666666666667,19.511333333333333,20.41,0.026233333333333334,19.445666666666668,0.258,99.2457,1.08477,292.3532222222222,49.31786666666667,0.0,245.8131333333333,23.546033333333284,526.33,295.131,292.6557900036794,292.88897439538374,52.72548095232823,56.921945268114634,68.7708304851297,0.0,74.13319620813576,171.67993712519757,90.5781333333333,155.235,67.0321,178.7810333333333,14.5,14.5,wet,289.726
2022-01-28 12:30:00-08:00,2022-01-28 12:30:00,DATA,2022-01-28T120000_smart3-00269.ghg,28.5207,1,18000,18000,-0.139712,1,,106.033,0,,221.229,0.0,,-16.5587,0.0,,5.00313,0.0,,,,,,,,,,,,,,-1.24286e-11,-9.83438e-14,,,16.9319,411.245,412.588,0.0,0,133.977,3.25406,3.26468,0.0,0,,,,,9,,,,,9,293.824,292.683,100188.0,1.19107,1007.29,0.0242882,0.324203,0.00241427,326.104,2264.72,0.00202697,14.3993,1938.62,264.805,0.482103,2.68511,-0.11756,2.73058,7.96562e-14,-7.34034e-16,2.73058,10.0377,100.901,79.8212,-2.46753,,0.34249,2.61464,-33.0602,-0.111085,0.479292,-0.25805,0,39.6456,-6.01637,13.609,33.8884,51.682,72.4848,108.595,-0.138196,1.01097,116.561,1.01973,202.532,1.07993,-21.9731,1.07993,4.58029,1.07993,,,,,800000099,800000099,800000099,800000099,800000099,800001099,899999999,899999999,89999,89999,89,89,12,1,0,17,15,14,,,,,,,,,,,,0,0,0,0,,,,,,,,,,,,,,,,,,87.0,3.20595,1.66378,0.359558,0.187361,0.0100608,463.669,,,0.0971542,-0.0219731,4.58029,,,11.9428,411.245,3.25414,-8.543,88.5222,0.205378,1,21.44,11.908,288.667,430.276,1222.25,0.0,16.3805,408.847,0.1,66.2763,61.9428,73.4241,43.9174,70.8496,40.9598,0.18825,0.23145,,692.727,142.272,293.003,21.8673,284.657,283.988,,3,239,,456610.5,28.0,11.966666666666667,22.203333333333333,-0.004533333333333334,22.98166666666667,22.34466666666667,22.980999999999998,0.0118,22.284,0.2698,-0.0109,22.067,20.793,22.069000000000003,0.013366666666666667,20.748333333333335,0.2848333333333333,-0.010666666666666666,21.77,20.586333333333336,21.770333333333333,0.012933333333333333,20.483,0.46033333333333337,100.188,0.326104,294.32177777777775,51.90893333333333,0.0,356.93806666666666,29.676066666666642,692.727,408.847,294.6612428613246,295.50266947709605,18.752797656445637,28.268353813102877,60.1962999523099,100.0,115.64805575614237,241.29001091052427,135.70906666666662,221.229,106.033,250.90506666666664,12.5,12.5,wet,293.003
2022-01-28 13:30:00-08:00,2022-01-28 13:30:00,DATA,2022-01-28T130000_smart3-00269.ghg,28.5624,1,18000,18000,-0.0350887,2,,90.2295,1,,193.88,1.0,,-15.8314,1.0,,4.38229,1.0,,,,,,,,,,,,,,3.05918e-11,2.62894e-13,,,16.9663,411.53,412.991,0.0,0,145.802,3.53654,3.54909,0.0,0,,,,,9,,,,,9,293.229,292.131,100132.0,1.19253,1007.43,0.0242558,0.283972,0.00262735,354.215,2188.1,0.00220316,16.1882,1833.89,265.87,0.975101,1.98229,-0.0957278,2.21121,-8.05342e-14,1.80309e-15,2.21121,10.242,116.028,63.8072,-2.48122,,0.171533,2.70686,-4.87911,-0.752699,0.465388,-0.437841,1,28.8474,13.0,23.0,37.0,56.0,89.0,199.0,-0.0347065,1.01101,99.69,1.01786,178.152,1.07513,-20.4599,1.07513,4.02678,1.07513,,,,,800000099,800000099,800000099,800000099,800000099,800011199,899999999,899999999,89999,89999,89,89,3,7,6,20,37,25,,,,,,,,,,,,0,0,0,0,,,,,,,,,,,,,,,,,,87.0,3.31722,1.73703,0.359465,0.149558,0.00891057,399.935,,,0.0829789,-0.0204599,4.02678,,,11.93,411.53,3.53656,-7.43792,88.508,0.210592,1,21.7,11.9321,287.867,427.405,1225.86,0.0,18.1636,377.486,0.0,66.4904,61.1036,71.9311,40.4885,74.3385,50.0654,0.187967,0.232308,,654.934,137.91,292.352,21.2285,285.739,284.15,,3,80,,456670.5,28.0,11.967000000000002,22.711666666666666,-0.0035,22.469333333333335,21.906,22.474666666666668,0.013533333333333335,21.916333333333334,0.28196666666666664,-0.008533333333333334,21.424666666666667,20.346333333333334,21.421333333333333,0.010833333333333334,20.392999999999997,0.24573333333333333,-0.012533333333333334,21.638666666666666,20.298000000000002,21.642666666666667,0.012866666666666667,20.331,0.4809,100.132,0.354215,294.03011111111107,54.964133333333336,0.0,322.52186666666665,38.41236666666666,654.934,377.486,294.36962270612526,295.00719578868535,26.854191271320502,35.34017304409457,54.19465199598196,211.0,102.42877048602739,220.09309618063926,128.64186666666666,193.88,90.2295,232.29236666666665,13.5,13.5,wet,292.352
2022-01-28 14:30:00-08:00,2022-01-28 14:30:00,DATA,2022-01-28T140000_smart3-00269.ghg,28.604,1,18000,18000,-0.141473,1,,34.0913,0,,126.999,0.0,,-9.86679,0.0,,2.87089,0.0,,,,,,,,,,,,,,1.05074e-10,9.21707e-13,,,16.9207,410.831,412.317,0.0,0,148.428,3.60379,3.61682,0.0,0,,,,,9,,,,,9,293.341,292.245,100072.0,1.19133,1007.46,0.0242797,0.186034,0.00267467,360.736,2203.75,0.00224512,16.3692,1843.01,266.107,0.0921503,0.187731,-0.00425966,0.209172,4.23341e-15,6.2098e-15,0.209172,8.04575,88.218,63.8553,-1.16688,,0.344605,2.67493,-104.661,-0.0350893,0.268437,-0.0824255,0,43.0799,-6.53754,14.7879,36.824,56.159,78.7638,118.002,-0.13454,1.05154,39.912,1.03927,115.044,1.09439,-11.5964,1.09439,2.60063,1.09439,,,,,800000099,800000099,800000099,800000099,800000099,800111199,899999999,899999999,89999,89999,89,89,16,0,4,42,41,39,,,,,,,,,,,,0,0,0,0,,,,,,,,,,,,,,,,,,87.0,2.36535,2.68877,0.295745,0.113214,0.00647363,296.125,,,0.0332539,-0.0115964,2.60063,,,11.94,410.832,3.60365,-7.17468,88.5803,0.22207,1,22.12,11.9219,288.995,423.079,1043.28,0.0,18.277,295.678,0.0,66.4904,61.1036,71.9311,35.2529,66.1722,49.1897,0.192217,0.231733,,552.383,122.621,292.687,21.4754,286.402,284.295,,3,164,,456730.5,28.0,11.966666666666667,22.140666666666668,-0.007566666666666667,21.849666666666668,20.974666666666668,21.862333333333332,0.020933333333333335,20.918666666666663,0.3331666666666667,-0.010466666666666668,21.101,19.845333333333333,21.11,0.0187,19.847666666666665,0.3099,-0.014433333333333333,21.38566666666667,19.898333333333333,21.387,0.018033333333333335,19.953333333333333,0.40773333333333334,100.072,0.360736,293.3898888888889,50.20493333333334,0.0,245.47306666666665,84.38276666666667,552.383,295.678,293.71667436401054,294.2406185366905,36.24323943317483,54.685413739712445,849.9538643277655,100.0,51.949099093200104,193.52396757346656,118.47406666666666,126.999,34.0913,211.38176666666666,14.5,14.5,wet,292.687
2022-01-28 15:30:00-08:00,2022-01-28 15:30:00,DATA,2022-01-28T150000_smart3-00269.ghg,28.6457,1,18000,18000,-0.164544,1,,4.7052,1,,134.844,1.0,,-9.5089,1.0,,3.04643,1.0,,,,,,,,,,,,,,-9.63956e-12,-7.38803e-14,,,16.9477,410.831,412.128,0.0,0,129.892,3.14872,3.15867,0.0,0,,,,,9,,,,,9,293.341,291.636,100023.0,1.19343,1007.2,0.0242411,0.197409,0.00234065,315.028,2121.46,0.00196128,14.8496,1806.43,264.362,2.86159,0.164905,0.036421,2.86657,-6.82812e-14,-5.68783e-16,2.86657,9.93495,175.239,3.29813,0.727987,,0.371315,2.73753,-948.25,-0.00387292,0.0348937,-0.010542,0,37.5736,-5.70194,12.8978,32.1173,48.981,68.6965,102.92,-0.162747,1.01104,12.2455,1.02027,124.243,1.08129,-10.1621,1.08129,2.80692,1.08129,,,,,800000099,800000099,800000099,800000099,800000099,800011099,899999999,899999999,89999,89999,89,89,5,8,8,14,62,32,,,,,,,,,,,,0,0,0,0,,,,,,,,,,,,,,,,,,87.0,2.96013,2.03161,0.483322,0.0176443,0.00155977,129.344,,,0.0101874,-0.0101621,2.80692,,,11.9405,410.832,3.14867,-8.88814,88.6038,0.245487,1,22.1667,11.918,286.196,409.801,751.383,0.0,16.4248,180.569,0.0,66.4904,61.1036,71.9311,25.0413,42.9404,38.5603,0.18995,0.231,,403.016,98.8413,292.498,20.3032,286.55,284.455,,3,109,,456790.5,28.0,11.966666666666667,21.322333333333333,-0.016733333333333333,21.006333333333334,19.421666666666667,21.021333333333335,0.0164,19.423,0.36333333333333334,-0.0127,20.559666666666665,19.118333333333332,20.571666666666665,0.012166666666666666,19.029999999999998,0.3081,-0.027200000000000002,20.78933333333333,18.231333333333335,20.804666666666666,0.016533333333333334,18.216666666666665,0.4576333333333334,100.023,0.31502800000000003,292.03988888888887,35.513999999999996,0.0,145.055,5.505800000000013,403.016,180.569,292.35530333243935,291.87376160432797,-36.451877554855436,-159.46175865954172,64.95412792375797,111.0,4.8908398328331515,140.16416016716687,10.211000000000022,134.844,4.7052,140.34980000000002,15.5,15.5,wet,292.498
